scheme_id,step_id,section,step_or_instruction
S001,S001-A001,,Offline**
S001,S001-A002,,"Self Help Groups (SHGs), NGOs registered in the Darpan portal of NITI Aayog, and Government Organizations can apply through the Regional /Sub Regional Office of the Board for organizing training programs at the field level."
S001,S001-A003,,﻿[Application Forms](http://coirboard.gov.in/?page_id=3272) for the Scheme (Skill Upgradation and Mahila Coir Yojana)
S002,S002-A001,,Online**
S002,S002-A002,,Step 01: Visit the Official Website of [Arunachal Pradesh Startup Portal](https://startup.arunachal.gov.in/)﻿
S002,S002-A003,,Step 02: Click on Register Now. It will take you to the [Register Page](https://apstartup.in/).
S002,S002-A004,,Step 03: Then on the Register page click on [Register Now](http://www.apstartup.in/).
S002,S002-A005,,"Step 04: Register by filling in your basic details i\:e. Your Name, Contact Number, Email Address, Password, and How did you hear about us? After filling in these details Click on Sign up."
S002,S002-A006,,"Step 05: [Login](https://contest.iimcip.org/login) using the confirmation mail link on your Mail account. After login, you will receive a Congratulation mail"
S002,S002-A007,,Step 06: [Login](http://contest.iimcip.org/login/arunachal-pradesh-entrepreneurship-challenge) by typing your mail Id & Password to access the form and submit.
S002,S002-A008,,"Step 07:  After Signing in you will land on the Form page, Answer all the questions with red stars must be answered, fill in all the necessary details, and be as descriptive as possible you can."
S002,S002-A009,,Step 08: Click Draft if you want to save an incomplete form & Click Submit if you want to submit the final application.
S003,S003-A001,,Online**
S003,S003-A002,,Offline**
S003,S003-A003,,Registration of a Construction Worker under BBOCWWB:***
S003,S003-A004,,Step 1:** Visit the [Official Website](https://bocwscheme.bihar.gov.in/home) of the Bihar Building and Other Construction Workers Welfare Board.
S003,S003-A005,,"Step 2:** On the homepage, click on ""[Labour Registration](https://bocwscheme.bihar.gov.in/worker_reg)""."
S003,S003-A006,,"Step 3:** Enter your Aadhar card number and name, then click ""Authenticate""."
S003,S003-A007,,"Step 4:** A dashboard will appear. Enter all required details, ensuring that all fields marked with an asterisk (\*) are filled in correctly."
S003,S003-A008,,"Step 5:** Click on ""Submit"" and proceed to pay the application fee online."
S003,S003-A009,,Step 6:** You will receive your construction worker registration number upon successful registration.
S003,S003-A010,,Apply for Scheme Benefits:***
S003,S003-A011,,Step 1:** Visit the [Official Website](https://bocwscheme.bihar.gov.in/home) of the Bihar Building and Other Construction Workers Welfare Board.
S003,S003-A012,,"Step 2:** Click on ""Login"" and select ""Labour""."
S003,S003-A013,,"Step 3:** Enter your registration number & year of Birth, click ""Show"" to view your details."
S003,S003-A014,,Step 4:** Select the scheme you wish to apply for to avail the benefits.
S003,S003-A015,,Step 5:** Enter all required information and upload the necessary documents.
S003,S003-A016,,"Step 6:** Click on ""Submit Application"" to complete the process."
S003,S003-A017,,Application Tracking:***
S003,S003-A018,,Applicant can track their application status online through the [official website](https://bocwscheme.bihar.gov.in/home) of the Bihar Building and Other Construction Workers Welfare Board. Relevant updates will be sent to the registered mobile number.
S004,S004-A001,,Offline**
S004,S004-A002,,Step 1:** Eligible candidates can obtain application forms from the Institute office or from Institute's Website.
S004,S004-A003,,Step 2:** The applicant should submit the duly filled application form along with all the documents and application fees.
S004,S004-A004,,Application Fee**
S004,S004-A005,,"1\.  The fees chargeable to the applicant/eventual trainee would be ₹ 100/- for general candidates, a 50% fee (i.e. ₹ 50/-) for Women and Physically Handicapped, and no fees from the SC/ST candidates."
S004,S004-A006,,2\.  The Application Fee will be accepted in cash (by the Accounts Department of the institute) or as a Demand Draft in favor of the Principal of the Institute and payable at the city of the institute.
S005,S005-A001,,Online**
S005,S005-A002,,Step 1: A unit/applicant can apply for ATUFS after the machinery is installed for undergoing a joint inspection.
S005,S005-A003,,Step 2: The applicant can submit the ATUFS application online on the [iTUFS online portal.](https://itufstxcindia.gov.in/Login.aspx?ReturnUrl=%2f)﻿
S005,S005-A004,,"Step 3: Once the application is submitted, it will be forwarded to different stakeholders for verification."
S005,S005-A005,,Step 4: A Unique Identification Number (UID) is generated and provided to the applicants.
S005,S005-A006,,Step 5: Applicants can track the application online and can opt to get SMS/e-Mail updates about the application status through the UID.
S005,S005-A007,,"Step 6: After the stakeholders approve, the Ministry of Textiles will release the funds.[﻿](https://itufstxcindia.gov.in/Login.aspx?ReturnUrl=%2f)"
S005,S005-A008,,﻿
S006,S006-A001,,Online**
S006,S006-A002,,Registration:***
S006,S006-A003,,"Step 1:** Visit the [Official website](https://shramadhan.jharkhand.gov.in/home) of Comprehensive Labour Management System for Factory Establishment / Worker Registration / Inspection / Management & Grievance Redressal; Department of Labour, Employment, Training & Skill Development; Govt. of Jharkhand."
S006,S006-A004,,"Step 2:** At the top right corner, click ""Login"". On the pop-up screen, click ""Register Here""."
S006,S006-A005,,"Step 3:** On the next page, a Registration Form will appear. Provide the following mandatory details: First Name, Last Name, Email, and Mobile. Create a Username and a Password. Confirm the Password. Fill in the Captcha Code. Click ""Register"". Your Mobile Number and Email ID will be verified via One Time Password (OTP). Upon successful verification of the OTP, your registration will be successful. The Login Credentials will be sent to your registered Email ID and Mobile Number."
S006,S006-A006,,Application:***
S006,S006-A007,,"Step 1:** Visit the [Official website](https://shramadhan.jharkhand.gov.in/home) of Comprehensive Labour Management System for Factory Establishment / Worker Registration / Inspection / Management & Grievance Redressal; Department of Labour, Employment, Training & Skill Development; Govt. of Jharkhand."
S006,S006-A008,,"Step 2:** At the top right corner, click ""Login"". Fill in your Username and Password. Click ""Login""."
S006,S006-A009,,"Step 3:** In the ribbon, click ""Services > BOC Scheme Benefit > Application Form. On the next page, the ""Scheme Benefit Form"" (Application Form) will open."
S006,S006-A010,,"a)   In the ""Basic Details"" section, fill in the mandatory fields (fields ending with a red asterisk mark): BOC Registration Number, Applicant's Name, Applicant's Father's Name / Husband's Name, Applicant's Date of Birth, Applicant's Aadhaar Number, District, Sex."
S006,S006-A011,,"b)   In the ""Select Scheme"" section, select the scheme from the list that you wish to apply for."
S006,S006-A012,,"c)   In the ""Upload Section"", upload the mandatory documents (those ending with a red asterisk mark) in the specified file size and file type."
S006,S006-A013,,"Step 4:** Finally, click on ""Submit Request"" to submit your application. On the next page, your ""Application ID"" will be displayed, confirming the successful submission of the application. Please note down this Application ID for future reference. The Application ID will also be sent to your registered Email ID."
S006,S006-A014,,Check Application Status:***
S006,S006-A015,,"Step 1:** Once submitted, the application goes for 3-level approval: Clerk > Labour Superintendent > DLC."
S006,S006-A016,,Step 2:** Go to Services > BOC Scheme Benefit > Application Status.
S006,S006-A017,,"Step 3:** On the next page, fill in your Application ID, and click ""Search"". The status of your application will be displayed in a tabular format: Application ID, Applicant Name, Scheme Applied, Application Status, Remarks, Date, and Time."
S006,S006-A018,,"Step 4:** Once the DLC approves the application, the ""Application Status"" changes to ""Approved"". The Applicant can take print of this page by clicking “PRINT” and submit the same at the Labour Office to avail of the scheme benefit."
S007,S007-A001,,Online**
S007,S007-A002,,The application will have to be submitted online by the beneficiary on the Board's online portal [www.ldms.rajasthan.gov.in](https://ldms.rajasthan.gov.in/) in the prescribed form.
S007,S007-A003,,"Time period for submission of application - After the date of publication of the notification, the registered beneficiary will have to submit the application within a maximum period of 3 months after obtaining a valid visa as per rules."
S007,S007-A004,,"The approval under the scheme will be issued after the senior most officer of the local labor office or other officer authorized by the divisional secretary, test and complete satisfaction."
S007,S007-A005,,The assistance amount will be transferred through electronic means (RTGS / NEFT) to the candidate's bank account under the central banking system.
S007,S007-A006,,﻿
S008,S008-A001,,Offline**
S008,S008-A002,,Step 1:** The applicant should take print of the format of the [application form](https://artnculturemanipur.gov.in/media/filer_public/77/18/771853bc-9222-4c87-90db-c082867788bf/application_form_for_training_with_new_production.pdf) [﻿](https://artnculturemanipur.gov.in/media/filer_public/77/18/771853bc-9222-4c87-90db-c082867788bf/application_form_for_training_with_new_production.pdf)
S008,S008-A003,,provided in the scheme guidelines.
S008,S008-A004,,Step 2:** The applicant should fill in all the mandatory fields and attach all the (self-attested) required documents.
S008,S008-A005,,"Step 3:** The duly filled-in application form should be submitted to the Directorate of Art & Culture, Government of Manipur office at Palace Compound, Imphal along with a cover letter addressed to the Director (Art & Culture) latest by a month before the travel schedule."
S009,S009-A001,,Offline**
S009,S009-A002,,"Step 01: The applicant may contact the nearest Skill Centre under ""Chief Minister’s Yuva Kaushal Yojana""."
S009,S009-A003,,Step 02: The applicant can get the application form at the concerned Skill Centre and fill the form completely.
S009,S009-A004,,Step 03: The applicant must ensure that the filled information should be correct before submitting the application form to the concerned authority.
S009,S009-A005,,"Step 04: After successful verification, the applicant can avail of the benefit of the scheme and the amount of stipend through DBT mode."
S010,S010-A001,,Online**
S010,S010-A002,,Offline**
S010,S010-A003,,Step 01:** The beneficiary has to apply online at I-Khedut Portal. [https://ikhedut.gujarat.gov.in/iKhedutPublicScheme/Public/frm\_Public\_ANH2\_SchemeApplicaiton.aspx](https://ikhedut.gujarat.gov.in/iKhedutPublicScheme/Public/frm_Public_ANH2_SchemeApplicaiton.aspx)﻿
S010,S010-A004,,"Step 02:** Click on the ""Apply New"" button and submit a new application."
S010,S010-A005,,"Step 03:** Click on the ""Update Application"" button to add corrections to the application."
S010,S010-A006,,"Step 04:** Once the application is done, confirm it. The application must be confirmed within seven days from the date of saving the online application."
S010,S010-A007,,Step 05:** The application must be signed and submitted along with the supporting documents to the office address mentioned on the application” or “Application confirmed within seven days from the date of saving the online application Scanned copy of the application and other documents can be uploaded after confirming the application
S010,S010-A008,,Step 06:** Take a printout of the confirmed application.
S010,S010-A009,,Note 01:** It is mandatory to take a printout of the application (only applying online will not count as an application).
S010,S010-A010,,"Note 02:** Take a printout of the online application and submit it along with necessary documents to the office/office address mentioned on the application or after applying online on the I-Khedut Portal, take a printout of the application and scan it with signature/thumbprint and ""Signed Application Print"" on the portal. A copy can be uploaded by clicking on Upload"" menu. ""Other Document Upload"" wherever applicable."
S010,S010-A011,,Note 03:** The application will be inwardly taken online by the concerned officer/office only if the correct and sufficient documents are uploaded along with the application signed/fingerprinted by the beneficiary.
S010,S010-A012,,"Note 04:** If wrong/incomplete documents are uploaded online by the beneficiary, such application will not be inwarded online. In such circumstances, the beneficiary has to submit the remaining/correct documents to the concerned office within seven days of application."
S010,S010-A013,,Note 05:** Scanned copy uploaded in PDF format should not exceed 200 KB in size.
S011,S011-A001,,Online**
S011,S011-A002,,Step 1: Registration***
S011,S011-A003,,"Visit the [Official Portal](https://nats.education.gov.in/index.php) of the National Apprenticeship Training Scheme. In the top ribbon, click ""Student"". On the next page, click ""Student Register"". You will be redirected to the [Registration Page](https://nats.education.gov.in/student_register.php)."
S011,S011-A004,,Step 2: Basic Profile***
S011,S011-A005,,"In the registration page, fill in the following mandatory fields: Basic Details (Name, Father/mother's Name, Aadhar Number), Educational Details (Course/Institute Details), Communication Information (Address, Mobile Number), Bank Details For Stipend Reception, Training Preferences (Field and Location for Apprenticeship)."
S011,S011-A006,,Step 3: Review and Submit***
S011,S011-A007,,"After filling in all the mandatory fields, scroll to the bottom of the page, review the details, and click ""SUBMIT""."
S011,S011-A008,,Step 4: Contract Management***
S011,S011-A009,,"You can find apprenticeship advertisements on the dashboard. The details like title, description, duration, location, skills required, and qualifications needed to apply are visible to the student. Apply for a suitable apprenticeship opportunity."
S011,S011-A010,,Step 5: Track the Application Status***
S011,S011-A011,,Application status can be checked in the application management section.
S011,S011-A012,,Step 6: Contract Acceptance***
S011,S011-A013,,"Students must accept the contract request from the establishment before sending a request to BOAT for final confirmation. Once accepted, the contract request is sent to BOAT for approval. Students can download and engage in the apprenticeship program."
S011,S011-A014,,Step 6: Profile Locking***
S011,S011-A015,,"Once a student's contract is created, their profile is locked, preventing further applications. Profile changes require a request to BOAT."
S012,S012-A001,,Offline**
S012,S012-A002,,"Step 1:** The interested applicant should visit (during office hours) the [Office/ Sub-Office](https://socwelfare.py.gov.in/sub--office-social-welfare-department) of the Department of Social Welfare, and request the hard copy of the prescribed format of the application form from the staff exclusively entrusted to issue and collect filled-in applications."
S012,S012-A003,,"Step 2:** In the application form, fill in all the mandatory fields, paste the passport-sized photograph (signed across, if required), and attach copies of all the mandatory documents (self-attest, if required)."
S012,S012-A004,,Step 3:** Submit the duly filled and signed application form along with the documents to the authority given below -
S012,S012-A005,,"**Puducherry:** The Deputy Director, Differently Abled Section, Directorate of Social Welfare."
S012,S012-A006,,"**Karaikal:** The Assistant Director, Social Welfare Department (Sub Office)."
S012,S012-A007,,"**Mahe / Yanam:** The Welfare Officer (i\c), Social Welfare Department (Sub Office)."
S012,S012-A008,,"Step 4:** Request a receipt or acknowledgement from the concerned authority to whom the application has been submitted. Ensure that the receipt contains essential details such as the date and time of submission, and a unique identification number (if applicable)."
S013,S013-A001,,Online**
S013,S013-A002,,Registration***
S013,S013-A003,,Step-1:** Applicant have to visit the [official portal](https://sso.rajasthan.gov.in/signin).
S013,S013-A004,,Step-2:** Click on the option “[Register](https://sso.rajasthan.gov.in/register)”.
S013,S013-A005,,Step-3:** Then you will be redirected to the SSO registration page. The registration page will appear with the following options.
S013,S013-A006,,
S013,S013-A007,,Citizen
S013,S013-A008,,Step-4:** Choose the either one option from  the Jan Aadhaar Or Google to process further.
S013,S013-A009,,
S013,S013-A010,,"Jan Aadhaar : Enter the Jan Aadhaar number, click on the ‘Next’ button,"
S013,S013-A011,,
S013,S013-A012,,"Select your name, the name of the head of the family and all the other members and"
S013,S013-A013,,Click on the ‘Send OTP’ button. Enter the ‘OTP’ and
S013,S013-A014,,Click on the ‘Verify OTP’ button to Complete the registration.
S013,S013-A015,,
S013,S013-A016,,"Google : Enter the Gmail ID, click on the ‘Next’ button,"
S013,S013-A017,,
S013,S013-A018,,Enter the password.
S013,S013-A019,,"A new link appear on screen, now click on new SSO link."
S013,S013-A020,,"SSO id will appear on screen, now create the password."
S013,S013-A021,,"Enter Mobile number, click on registration."
S013,S013-A022,,Apply***
S013,S013-A023,,Step-1:** Applicant have to visit the [official portal](https://sso.rajasthan.gov.in/signin).
S013,S013-A024,,"Step-2:** After login, dashboard will open."
S013,S013-A025,,Step-3:** Click on “LDMS” option.
S013,S013-A026,,"Step-4:** In LDMS, select ""Welfare Schemes"" from the side menu and select BOCW Welfare Board."
S013,S013-A027,,"Step-5:** Now click on ""Apply for Scheme"" on screen."
S013,S013-A028,,"Step-6:** In this new page, will get a list of names of all the schemes of Rajasthan Shramik Card, out of which click on the name of ""Shubhshakti Yojana"""
S013,S013-A029,,Step-7:** Fill out the all relevant detail.
S013,S013-A030,,Step-8:** Submit.
S014,S014-A001,,Offline**
S014,S014-A002,,Step 1:** The interested applicant should take print of the [prescribed format](https://dic.py.gov.in/sites/default/files/inplant.pdf) of the application form.
S014,S014-A003,,"Step 2:** In the application form, fill in all the mandatory fields, paste the passport-sized photograph (signed across, if required), and attach copies of all the mandatory documents (self-attest, if required)."
S014,S014-A004,,"Step 3:** The interested applicant should visit (on a working day, and during office hours) the General Manager of the District Industries Centre (Thattanchavady, Puducherry - 605 009, 2248391, 2249392, 2248987, dic\_pdy\@bsnl.in), and submit the duly filled and signed application form and the documents to the concerned authority."
S014,S014-A005,,"Step 4:** On receipt of the application, necessary entries will be made in the application receipt register and a unique number is assigned to the applicant for identifying each applicant which shall be used for all further references and also as acknowledgement for the receipt of the application."
S014,S014-A006,,Time of Submission of Application:** Month of January (Advertisement will be floated in local dailies during December).
S015,S015-A001,,Online**
S015,S015-A002,,Offline**
S015,S015-A003,,Portal Registration Process:***
S015,S015-A004,,Step 01:** Visit online Portal: [https://serviceonline.gov.in/](https://serviceonline.gov.in/)﻿
S015,S015-A005,,"Step 02:** On the home page, click on ‘[Register](https://serviceonline.gov.in/citizenRegistration.html)’ and fill in all the mandatory details."
S015,S015-A006,,Step 03:** Click on the ‘Submit’ button and validate your Email ID & Mobile Number using OTP received.
S015,S015-A007,,"Step 04:** After successful validation, the applicant will be registered."
S015,S015-A008,,Registration Process of Construction Workers under A&N Islands Building & Other Construction Workers Welfare Board:***
S015,S015-A009,,Step 01:** Applicant can [login](https://serviceonline.gov.in/loginWindow.do) through their email ID that is used while registering
S015,S015-A010,,Step 02:** Enter Password & Captcha
S015,S015-A011,,Step 03:** Click on ‘Login’
S015,S015-A012,,"Step 04:** After successful login, click on ‘Apply for Services’ and then ‘View all Available Services’"
S015,S015-A013,,"Step 05:** Now, search for the “Registration of Construction Workers in AN BOCWWB” and then click to proceed registration process."
S015,S015-A014,,Step 06:** Fill in all the mandatory details and upload all the relevant documents.
S015,S015-A015,,Step 07:** Preview the form and click on ‘Submit’.
S015,S015-A016,,"Step 08:** After successful registration, the applicant will receive a registration ID."
S015,S015-A017,,Application Process for Skill Development Assistance:***
S015,S015-A018,,"Step 01:** Now, to avail the benefits of the scheme, the applicants can [login](https://serviceonline.gov.in/loginWindow.do) through their email ID that is used while registering"
S015,S015-A019,,Step 02:** Enter Password & Captcha
S015,S015-A020,,Step 03:** Click on ‘Login’
S015,S015-A021,,"Step 04:** After successful login, click on ‘Apply for Services’ and then ‘View all Available Services’"
S015,S015-A022,,"Step 05:** Now, search for ‘Skill Development Financial Assistance’ and click on the scheme to proceed to fill out the application form."
S015,S015-A023,,Step 06:** Fill in all the mandatory details and upload all the mandatory documents.
S015,S015-A024,,Step 07:** Preview the application form and click on ‘Submit’.
S015,S015-A025,,Application Tracking:***
S015,S015-A026,,"Step 01:** To track the application status, the applicant can visit the online Portal and [login](https://serviceonline.gov.in/loginWindow.do) through their ‘User ID’ & ‘Password’."
S015,S015-A027,,"Step 02:** On the home page, click on “View Application Status’ and then click on ‘Track Application Status’."
S015,S015-A028,,Step 03:** Enter the Application Reference Number and click on ‘Get Data’ to know the status of your application.
S016,S016-A001,,Offline**
S016,S016-A002,,"Step 1:** The interested construction worker should visit the Office of the Puducherry Building and Other Construction Workers Welfare Board (Industrial Estate, Thattanchavady, Puducherry - 605 009) and obtain the prescribed format of the application form free of cost from the concerned authority exclusively entrusted to issue and collect filled-in applications."
S016,S016-A003,,"Step 2:** In the application form, fill in all the mandatory fields, paste the passport-sized photograph (signed across, if required), and attach copies of all the mandatory documents (self-attest, if required)."
S016,S016-A004,,Step 3:** The interested construction worker should submit the duly filled and signed application form and the documents to the concerned authority.
S016,S016-A005,,"Step 4:** Request a receipt or acknowledgement from the concerned authority to whom the application form has been submitted. Ensure that the receipt contains essential details such as the date and time of submission, and a unique identification number (if applicable)."
S017,S017-A001,,Online**
S017,S017-A002,,Offline**
S017,S017-A003,,Registration Process:**
S017,S017-A004,,"Step 01:** To avail of the benefits of the scheme, the applicant needs to visit [SUNEETHI- Online Service Application Portal](https://suneethi.sjd.kerala.gov.in/)﻿"
S017,S017-A005,,"Step 02:** On the home page, click on “One time Registration”"
S017,S017-A006,,"Step 03:** Fill in the details like Name, Email ID & Mobile Number and click on ‘Register’."
S017,S017-A007,,Step 04:** The applicant needs to enter the verification code received on the mobile number and click on ‘Verify’.
S017,S017-A008,,"Step 05:** Now, a form will open to create the new profile, fill in all the mandatory details and click on ‘Register’."
S017,S017-A009,,Login/Application Process:**
S017,S017-A010,,"Step 01:** Once the registration process is completed, the applicant should visit [SUNEETHI- Online Service Application Portal](https://suneethi.sjd.kerala.gov.in/) and click on “Citizen Login”."
S017,S017-A011,,Step 02:** Enter the user name i.e. Mobile Number and Password and click on “Sign in”.
S017,S017-A012,,"Step 03:** Now, the applicant needs to update all their details i.e. Personal Information, Contact Details, Identity Cards & Bank Details by clicking on the 'Edit' button."
S017,S017-A013,,"Step 04:** Once the applicant updated their profile successfully, the schemes will appear on the left side of the screen."
S017,S017-A014,,Step 05:** Select the scheme and click on the “Apply Now” button.
S017,S017-A015,,Step 06:** Fill in all the mandatory details in the application form and click on the ‘Submit’ button.
S018,S018-A001,,Offline**
S018,S018-A002,,"Step 1:** The interested applicant should visit (during office hours) the [Office/ Sub-Office](https://socwelfare.py.gov.in/sub--office-social-welfare-department) of the Department of Social Welfare, and request the hard copy of the prescribed format of the application form from the staff exclusively entrusted to issue and collect filled-in applications."
S018,S018-A003,,OR
S018,S018-A004,,The interested applicant should take print of the prescribed format [﻿](https://wcd.py.gov.in/sites/default/files/wcdmarrigeofpoorbride.pdf)
S018,S018-A005,,of the application form.
S018,S018-A006,,"Step 2:** In the application form, fill in all the mandatory fields, paste the passport-sized photograph (signed across, if required), and attach copies of all the mandatory documents (self-attest, if required)."
S018,S018-A007,,Step 3:** Submit the duly filled and signed application form along with the documents to the authority given below -
S018,S018-A008,,"**Puducherry:** The Deputy Director, Differently Abled Section, Directorate of Social Welfare."
S018,S018-A009,,"**Karaikal:** The Assistant Director, Social Welfare Department (Sub Office)."
S018,S018-A010,,"**Mahe / Yanam:** The Welfare Officer (i\c), Social Welfare Department (Sub Office)."
S018,S018-A011,,"Step 4:** Request a receipt or acknowledgement from the concerned authority to whom the application has been submitted. Ensure that the receipt contains essential details such as the date and time of submission, and a unique identification number (if applicable)."
S019,S019-A001,,Online**
S019,S019-A002,,Registration of a Construction Worker under BBOCWWB:***
S019,S019-A003,,Step 1:** Visit the [Official Website](https://bocwscheme.bihar.gov.in/home) of the Bihar Building and Other Construction Workers Welfare Board.
S019,S019-A004,,"Step 2:** On the homepage, click on ""[Labour Registration](https://bocwscheme.bihar.gov.in/worker_reg)""."
S019,S019-A005,,"Step 3:** Enter your Aadhar card number and name, then click ""Authenticate""."
S019,S019-A006,,"Step 4:** A dashboard will appear. Enter all required details, ensuring that all fields marked with an asterisk (\*) are filled in correctly."
S019,S019-A007,,"Step 5:** Click on ""Submit"" and proceed to pay the application fee online."
S019,S019-A008,,Step 6:** You will receive your construction worker registration number upon successful registration.
S019,S019-A009,,Apply for Scheme Benefits:***
S019,S019-A010,,Step 1:** Visit the [Official Website](https://bocwscheme.bihar.gov.in/home) of the Bihar Building and Other Construction Workers Welfare Board.
S019,S019-A011,,"Step 2:** Click on ""Login"" and select ""Labour""."
S019,S019-A012,,"Step 3:** Enter your registration number & year of Birth, click ""Show"" to view your details."
S019,S019-A013,,Step 4:** Select the scheme you wish to apply for to avail the benefits.
S019,S019-A014,,Step 5:** Enter all required information and upload the necessary documents.
S019,S019-A015,,"Step 6:** Click on ""Submit Application"" to complete the process."
S019,S019-A016,,Application Tracking:***
S019,S019-A017,,Applicant can track their application status online through the [official website](https://bocwscheme.bihar.gov.in/home) of the Bihar Building and Other Construction Workers Welfare Board. Relevant updates will be sent to the registered mobile number.
S020,S020-A001,,Offline**
S020,S020-A002,,The advertisement is published in newspapers.
S021,S021-A001,,Offline**
S021,S021-A002,,Online**
S021,S021-A003,,"Step 1:** The interested applicant should visit (during office hours) the [Office/ Sub-Office](https://socwelfare.py.gov.in/sub--office-social-welfare-department) of the Department of Social Welfare, and request the hard copy of the prescribed format of the application form from the staff exclusively entrusted to issue and collect filled-in applications."
S021,S021-A004,,OR
S021,S021-A005,,The interested applicant should take print of the [prescribed format](https://socwelfare.py.gov.in/sites/default/files/free-bus-pass-differently-abled-persons.pdf) [﻿](https://wcd.py.gov.in/sites/default/files/wcdmarrigeofpoorbride.pdf)
S021,S021-A006,,of the application form.
S021,S021-A007,,"Step 2:** In the application form, fill in all the mandatory fields, paste the passport-sized photograph (signed across, if required), and attach copies of all the mandatory documents (self-attest, if required)."
S021,S021-A008,,Step 3:** Submit the duly filled and signed application form along with the documents to the authority given below -
S021,S021-A009,,"**Puducherry:** The Deputy Director, Differently Abled Section, Directorate of Social Welfare."
S021,S021-A010,,"**Karaikal:** The Assistant Director, Social Welfare Department (Sub Office)."
S021,S021-A011,,"**Mahe / Yanam:** The Welfare Officer (i\c), Social Welfare Department (Sub Office)."
S021,S021-A012,,"Step 4:** Request a receipt or acknowledgement from the concerned authority to whom the application has been submitted. Ensure that the receipt contains essential details such as the date and time of submission, and a unique identification number (if applicable)."
S022,S022-A001,,Offline**
S022,S022-A002,,"For both Fresh Applications and Renewal Applications, the applicant should write a formal letter, attach copies of all the mandatory documents (self-attest, if required), and submit the same to -"
S022,S022-A003,,The Director**
S022,S022-A004,,Department of Information & Publicity**
S022,S022-A005,,"18, Belcombe Street, Puducherry - 605 001**"
S022,S022-A006,,"+91-413-2334398, 2336415, 2337078**"
S022,S022-A007,,info.pon\@nic.in**
S022,S022-A008,,"\*The Office Timings are Monday to Friday, 08:45 am to 01:00 pm & 02:00 pm to 05:45 pm.*"
S023,S023-A001,,Offline**
S023,S023-A002,,The citizens need not apply to this scheme.
S024,S024-A001,,Online**
S024,S024-A002,,Registration***
S024,S024-A003,,Step 1:** Visit the DBoCWWB website and click “Register Now”.
S024,S024-A004,,"Step 2:** Enter the following mandatory details: Aadhaar Card Number, Name as on Aadhar Card, Mobile Number, Date of Birth (as on Aadhar Card), Gender, etc. Create a password and confirm it. Click “Register”. You will be redirected to the registration page."
S024,S024-A005,,"Step 3:** On the registration page, fill in the mandatory details (Father Name, Mother Name, Photograph, Applicant’s Video, etc) and upload the mandatory documents in the specified filetype and filesize. Click “Save & Next”."
S024,S024-A006,,"Step 4:** On the next page, enter the mandatory details regarding your work/workplace (Previous/Current Employer Details, Proof of 90 Days Employment, etc) and upload the mandatory documents in the specified filetype and filesize. Click “Save & Next”."
S024,S024-A007,,Step 5:** Click on “Add Family Members” to avail the benefits of various schemes.
S024,S024-A008,,"Step 6:** In the next window, add your Bank Account details."
S024,S024-A009,,"Step 7:** In the next window, upload your Aadhaar Card, Address Proof, Birth Proof, Employment Proof, Bank Account details etc."
S024,S024-A010,,"Step 8:** In the next window, the ""Affidavit of the Applicant"" will be displayed. Verify all the details, and click on the checkbox."
S024,S024-A011,,Step 9:** Proceed for the online registration fee of ₹25/- through a Debit Card/ Internet Banking/ UPI.
S024,S024-A012,,Step 10:** Enter the OTP received on your registered mobile number to apply. Note down the Application Number for future reference. Download the acknowledgement receipt.
S024,S024-A013,,Track Your Application***
S024,S024-A014,,"Visit the homepage of the website regularly and click on ""Track Your Application"" to check the status of your application."
S024,S024-A015,,Application for Yatra Pass in DTC:***
S024,S024-A016,,"Step 01:** Go to the DTC [Website  ](https://dtcpass.delhi.gov.in/apply)and fill up the application form selecting the appropriate type and duration of bus pass, and upload soft copy of the required document in case of Concessional Bus Pass."
S024,S024-A017,,Step 02:** Make the payment online.
S024,S024-A018,,Step 03:** Conventional Bus pass shall be delivered at Applicant residential address within 5 working days and e-Bus Pass shall be sent through SMS via a link on Applicant Mobile Number within one working day.
S024,S024-A019,,"Helpline: DBOCWWB Department, Delhi***"
S024,S024-A020,,Helpline Number (24x1) : 011-41236600**
S024,S024-A021,,Number (office hours: 9:30AM - 6:00PM) : 011-23813846**
S024,S024-A022,,Address & Helpline: Delhi Transport Corporation***
S024,S024-A023,,"Pass Section,**"
S024,S024-A024,,"Delhi Transport Corporation,**"
S024,S024-A025,,"Scindia House, KG Marg**"
S024,S024-A026,,"Connaught Place, New Delhi 110 001.**"
S024,S024-A027,,"Phones: 011-23752769 - 75,Ext.226.**"
S024,S024-A028,,Mobile: 08744073213**
S025,S025-A001,,Online**
S025,S025-A002,,Step 01:** The applicant need to visit the Transport Department’s official website for Mukhyamantri Block Transport Yojana [registration](http://appsonline.bih.nic.in/MMGPY/NewRegistrationUser.aspx).
S025,S025-A003,,Step 02:** The applicant need to fill following details while registering :
S025,S025-A004,,
S025,S025-A005,,Phone Number
S025,S025-A006,,Password
S025,S025-A007,,Re-password
S025,S025-A008,,Email ID
S025,S025-A009,,Driving Licence Number
S025,S025-A010,,Step-03:** Submit the details
S026,S026-A001,,Offline**
S026,S026-A002,,Step 1:** The interested applicant should collect the application form from the District Central Cooperative Banks or its branches.
S026,S026-A003,,"Step 2:** In the application form, fill in all the mandatory fields, paste the passport-sized photograph (signed across, if required), and attach copies of all the mandatory documents (self-attest, if required)."
S026,S026-A004,,Step 3:** Submit the duly filled and signed application form along with the documents to the concerned authority..
S026,S026-A005,,"Step 4:** Request a receipt or acknowledgment from the concerned authority to whom the application has been submitted. Ensure that the receipt contains essential details such as the date and time of submission, a unique identification number (if applicable)."
S027,S027-A001,,Online**
S027,S027-A002,,For the Implementing Agencies:***
S027,S027-A003,,The proposals must be submitted through the [official website](https://indian.handicrafts.gov.in/admin/en/users/login?redirect=%2Fadmin%2Fen).
S027,S027-A004,,NOTE 1:** The proposal sent earlier without any invitation or received after the timeline/last date mentioned above will not be entertained.
S027,S027-A005,,NOTE 2:** Incomplete proposals without the mandatory enclosures and proposals that are not clearly recommended and received after the due date will not be considered.
S028,S028-A001,,Online**
S028,S028-A002,,The applicants willing to install rooftop solar system under simplified procedure will be required to apply through National Portal. In order to register at National Portal the applicant will require an active mobile number and an active e-mail id. The applicant will also have to download SANDES APP for received OTP.
S028,S028-A003,,The entire process has been explained in the following steps.
S028,S028-A004,,"Step-1:** Download SANDES app and register on the National Portal by selecting the local Distribution Company or Electricity department, as the case may be, referred as DISCOM, and enter Electricity connection number / Consumer number  mentioned in electricity bill), email id and mobile number. The registration process involves OTP authentication of mobile number and activation through email id. While sending activation link on email, the entire procedure will also be communicated to the applicant."
S028,S028-A005,,"Step-2:** After successful registration the applicant can proceed for submitting application for installation of grid connected rooftop solar system at residential house. The information already entered at the time of registration will be prefilled in the application form and the applicant will have to enter details such as, name on electricity bill, address, capacity of proposed rooftop solar system and details of existing rooftop solar system capacity installed, if any. The applicant also has to upload copy of latest electricity bill. On submission of application, the applicant will get a copy of application on email and it can also be downloaded after login to the portal."
S028,S028-A006,,"Step-3:** Application will be forwarded to the DISCOM for technical feasibility approval as per prevailing regulations. The applicant is advised to initiate installation of the rooftop solar system only after getting the feasibility approval from DISCOM. The technical feasibility approval or rejection, as the case may be, will be informed to the applicant through email."
S028,S028-A007,,"Step-4.** On receipt of feasibility approval from DISCOM, the applicant can proceed to install rooftop solar system. It is mandatory to get the rooftop solar system installed from any of the vendor registered/empaneled with DISCOM. Ministry has specified minimum technical specifications and standards for rooftops solar systems, which are to be followed. The applicant will have the option to choose equipment of higher quality/efficiency. The domestically manufactured solar modules using domestically manufactured solar cells listed in the ALMM should only be used by the applicant. In addition, the inverter should also be BIS certified. In order to protect the interest of the applicant an agreement to be signed between applicant and the vendor and a model format of the agreement is available on National Portal under Help Document section. It is mandatory for the vendor to provide comprehensive maintenance of the rooftop solar plant installed by the firm for at least 5 years."
S028,S028-A008,,"Step-5:** On completion of installation of rooftop solar system, the applicant has to submit project completion details for net-metering and approval (The project completion details will include wattage, make and numbers of solar modules, make and wattage of inverter, name of vendor that has installed the system, uploading of photograph of system, etc). Applicant also has to apply for net-metering. The net-metering application will forwarded to DISCOM and applicant has to follow instructions of DISCOM regarding payment of net-metering charges, signing of net-metering agreement, etc., as applicable."
S028,S028-A009,,Step-6:** DISCOM officials will install the net-meter and inspect the system for fulfilment of minimum technical specifications and standards.
S028,S028-A010,,"Step-7:** Upon successful inspection and installation of net-meter, commissioning certificate would be generated online by DISCOM."
S028,S028-A011,,Step-8:** Applicant has to submit bank details and upload copy of cancelled cheque. The fund handling agency will release the central Government subsidy directly into the bank account. The details of central Government subsidy available under simplified procedure may be checked on the National Portal.
S028,S028-A012,,Note:** The applicant shall also check various informative material placed at Help Document section of the portal for better understanding of the procedure.
S029,S029-A001,,Offline**
S029,S029-A002,,"Step 1:** After the issue of notification regarding the scheme in the local newspapers, the interested applicant should visit (during office hours) the [Office/ Sub-Office](https://socwelfare.py.gov.in/sub--office-social-welfare-department) of the Department of Social Welfare, and request the hard copy of the prescribed format of the application form from the staff exclusively entrusted to issue and collect filled-in applications."
S029,S029-A003,,OR
S029,S029-A004,,The interested applicant should take print of the prescribed format [﻿](https://wcd.py.gov.in/sites/default/files/wcdmarrigeofpoorbride.pdf)
S029,S029-A005,,of the application form.
S029,S029-A006,,"Step 2:** In the application form, fill in all the mandatory fields, paste the passport-sized photograph (signed across, if required), and attach copies of all the mandatory documents (self-attest, if required)."
S029,S029-A007,,Step 3:** Submit the duly filled and signed application form along with the documents to the authority given below -
S029,S029-A008,,"**Puducherry:** The Deputy Director, Differently Abled Section, Directorate of Social Welfare."
S029,S029-A009,,"**Karaikal:** The Assistant Director, Social Welfare Department (Sub Office)."
S029,S029-A010,,"**Mahe / Yanam:** The Welfare Officer (i\c), Social Welfare Department (Sub Office)."
S029,S029-A011,,"Step 4:** Request a receipt or acknowledgement from the concerned authority to whom the application has been submitted. Ensure that the receipt contains essential details such as the date and time of submission, and a unique identification number (if applicable)."
S030,S030-A001,,Offline**
S030,S030-A002,,Online**
S030,S030-A003,,"Interested and eligible applicants may send their applications in the [prescribed format](https://gecs.heavyindustries.gov.in/assets/site/main/DHIGECS_procedure_\(Revised\).pdf) along with all required documents to the following address: **The Under Secretary (AEI Section), Department of Heavy Industry, Udyog Bhavan, Room No 428, New Delhi 110011, Tel: 011-23061490**"
S030,S030-A004,,The applicant would inform DHI about the purchase of the vehicle and the Registration number of the vehicle to the Department of Heavy Industry within a period of 30 days from the date of registration of the vehicle.
S031,S031-A001,,Online**
S031,S031-A002,,Step 1:** Visit the [Official Website](https://goaonline.gov.in/public/startuplogin?) of Goa Startup Mission.
S031,S031-A003,,Step 2:** Verify your Email ID and Mobile Number using OTP. You will be redirected to the Registration Page.
S031,S031-A004,,"Step 3:** On the [Registration/Signup Page](https://goaonline.gov.in/Public/stpRegistration_af), fill in all the mandatory fields of the registration form (Country, Name, Date of Birth, Address, PIN Code, Gender, etc.)."
S031,S031-A005,,Step 4:** Create a Login Name and a strong Password (Password can have special characters like @ # $ % ^ & + =).
S031,S031-A006,,"Step 5:** Carefully read the Declaration and the Terms & Conditions, and tick the checkboxes."
S031,S031-A007,,"Step 6:** Fill in the Captcha Code, and click ""Register/Signup""."
S031,S031-A008,,"Step 7:** Login to the website using your Login Name and Password. Fill in the Captcha Code, and click ""Login""."
S031,S031-A009,,Step 8:** Navigate to the online application form for the relevant scheme.
S031,S031-A010,,"Step 9:** In the application form, fill in all the mandatory fields and upload all the mandatory documents (self-attest if required)."
S031,S031-A011,,Step 10:** Submit the application and note the application reference number for application tracking.
S031,S031-A012,,OR**
S031,S031-A013,,"Step 1:** Take a print of the [proforma](https://www.goa.gov.in/wp-content/uploads/2018/05/Schemes.pdf) of the application form. Fill in all the mandatory fields, and attach copies of all the mandatory documents (self-attest if required)."
S031,S031-A014,,Step 2:** Submit the duly filled and signed application form along with the documents to SPC via Email at spc-dit.goa\@gov.in
S031,S031-A015,,NOTE:** The applicant can apply for this scheme at any time of the financial year but only within 6 months of incurring the relevant expenditure.
S031,S031-A016,,Notification***
S031,S031-A017,,The applications received by the SPC shall be evaluated and approval or rejection shall be notified within 45 days from receipt of the application by the SPC.
S032,S032-A001,,Offline**
S032,S032-A002,,"Step 1:** The interested applicant should visit the [Office/ Sub-Office](https://fisheries.py.gov.in/sub-offices) of the Department of Fisheries and Fishermen Welfare, and request the hard copy of the [prescribed format](https://fisheries.py.gov.in/sites/default/files/subsidies-application007.pdf) of the application form from the concerned authority."
S032,S032-A003,,"Step 2:** In the application form, fill in all the mandatory fields, paste the passport-sized photograph (signed across, if required), and attach copies of all the mandatory documents (self-attest, if required)."
S032,S032-A004,,Step 3:** Submit the duly filled and signed application form along with the documents to the concerned authority.
S032,S032-A005,,"Step 4:** Request a receipt or acknowledgment from the concerned authority to whom the application has been submitted. Ensure that the receipt contains essential details such as the date and time of submission, and a unique identification number (if applicable)."
S033,S033-A001,,Offline**
S033,S033-A002,,"The Applicant should contact District Differently Abled Welfare Officer and submit an application at the address of Assistant Director (DAW), O/o. The Commissionerate for Welfare of the Differently Abled, No.5, Kamarajar salai, Chennai – 600 005.  Ph: 044-28444940 District Collector / Managing Director of the Metropolitan / State Transport Corporation."
S034,S034-A001,,Online**
S034,S034-A002,,Applications are invited through online mode once a year through advertisements in leading newspapers & employment news. Short notification is also uploaded to the UGC Website: [https://www.ugc.gov.in/](https://www.ugc.gov.in/)﻿
S034,S034-A003,,Note:** Candidates have to apply strictly as per the instructions given in the online portal. Incomplete applications will not be considered.
S035,S035-A001,,Online**
S035,S035-A002,,Offline**
S035,S035-A003,,Registration Process:**
S035,S035-A004,,"Step 01:** To avail of the benefits of the scheme, the applicant needs to visit [SUNEETHI- Online Service Application Portal](https://suneethi.sjd.kerala.gov.in/)﻿"
S035,S035-A005,,"Step 02:** On the home page, click on “One time Registration”"
S035,S035-A006,,"Step 03:** Fill in the details like Name, Email ID & Mobile Number and click on ‘Register’."
S035,S035-A007,,Step 04:** The applicant needs to enter the verification code receive on the mobile number and click on ‘Verify’.
S035,S035-A008,,"Step 05:** Now, a form will open to create a new profile, fill in all the mandatory details and click on ‘Register’."
S035,S035-A009,,Login/Application Process:**
S035,S035-A010,,"Step 01:** Once the registration process is complete, the applicant should visit [SUNEETHI- Online Service Application Portal](https://suneethi.sjd.kerala.gov.in/Citizen_Platform/suneethi/auth-login.php) and click on “Citizen Login”."
S035,S035-A011,,Step 02:** Enter your user name i.e. Mobile Number and Password and click on “Sign in”.
S035,S035-A012,,"Step 03:** Now, the applicant needs to update all their details i.e. Personal Information, Contact Details, Identity Cards & Bank Details by clicking on the ‘Edit’ button."
S035,S035-A013,,"Step 04:** Once the applicant updated their profile successfully, the schemes will appear on the left side of the screen."
S035,S035-A014,,"Step 05:** Now, the applicant may select the scheme and click on the “Apply Now” button."
S035,S035-A015,,Step 06:** Fill in all the mandatory details in the application form and click on the ‘Submit’ button.
S035,S035-A016,,﻿[User Manual ](https://suneethi.sjd.kerala.gov.in/Citizen_Platform/suneethi/Suneethi-%20user%20manual.pdf)﻿
S036,S036-A001,,Offline**
S036,S036-A002,,Step 1:** The scholarship amount as well as the contingent grant will be remitted to the respective institutions by the Council based on the demand received from each institution through the Registrar / Comptroller of the University in the prescribed [proforma](https://education.icar.gov.in/pdf/format-PMS-2017.pdf).[﻿](https://education.icar.gov.in/pdf/format-PMS-2017.pdf)
S036,S036-A003,,﻿
S036,S036-A004,,Step 2:** The students will be eligible to receive scholarships and contingent grants from the date of joining the course.
S036,S036-A005,,Procedure of Selection:***
S036,S036-A006,,The scheme provides for the award of 240 scholarships every year. These scholarships will be earmarked for individual Agricultural Universities in proportion to the actual number of scheduled castes / scheduled tribes candidates admitted.
S036,S036-A007,,A tentative distribution of scholarships will first be made to various agricultural universities on the basis of seats reserved by the individual agricultural universities for SC/ST candidates.
S036,S036-A008,,"The actual number of scholarship allotted to the universities every year would, however, be determined on the basis of actual SC/ST students admitted so as to maintain approximately equal proportion between the number of SC/ST students admitted in each university to the number of scholarships available."
S036,S036-A009,,Payment of Scholarship***
S036,S036-A010,,(a) The students will be eligible to receive scholarship and contingent grant from the date of joining the course.
S036,S036-A011,,(b) The scholarship amount as well as the contingent grant will be remitted to the respective institutions by the Council on the basis of the demand received from each institution through the Registrar / Comptroller of the University in the prescribed proforma.
S036,S036-A012,,(c) Scholarship during the leave on medical grounds will be admissible as follows:-
S036,S036-A013,,Full scholarship will be paid if the absence does not exceed two months due to illness supported by medical certificate as prescribed by the concerned university.
S036,S036-A014,,Half the scholarship will be paid if the absence exceeds two months but not four months. The first two months scholarship will be paid on full rates and the half scholarship will be paid on full rates and the half scholarship will be paid for the preceding two months.
S036,S036-A015,,"No scholarship will be given if the absence exceeds four months. The payment of scholarship for the first four months, however, will be governed by the sub-clause (1) and (2) above."
S036,S036-A016,,"In the case of married women, the scholarship will be admissible at full rates upto three months absence on grounds of maternity. However, no scholarship will be paid for the period exceeding three months."
S036,S036-A017,,"In all the above cases (sub-clause 1 to 4), the scholarship at the rates indicated will be paid only if the Head of the Institution recommends the application of the students and certifies that the scholar is likely to make up the deficiency in studies subsequently."
S036,S036-A018,,All these concessions indicated above in clause (1) to (4) will be available only once in the whole duration of the course.
S036,S036-A019,,"(d) Normally, the scholarship will be continued from year to year provided the student makes satisfactory progress as prescribed by the University. However, in case the student fees on academic probation, the scholarship for the period of academic probation will be paid only at half the rates. This concession will, however, be available for one time only during the entire duration. If the student goes on academic probation for a second time during the period of the course. He will not receive any scholarship for the period of academic probation."
S037,S037-A001,,Online**
S037,S037-A002,,Step 01:** Applications for this scholarship are invited online every year.
S037,S037-A003,,Step 02:** The applicant should visit the official website/portal of the Directorate of Technical Education: [www.dtemaharashtra.gov.in](https://www.dtemaharashtra.gov.in/)﻿
S037,S037-A004,,Step 03:** The applicant should register herself/himself on the official website.
S037,S037-A005,,"Step 04:** Accordingly, the application is received by the Directorate of Training on the online portal till the deadline, After scrutinizing the details of the candidates and checking the eligibility conditions/conditions. A list will be prepared."
S038,S038-A001,,Online**
S038,S038-A002,,Applicants have to visit the official [web portal](https://tad.rajasthan.gov.in/Content/Hindi/index.aspx).
S038,S038-A003,,"On the Home page, click on ""Online Portal For Tad Educational Incentive Schemes""."
S038,S038-A004,,Now click on “click here to apply online”.
S038,S038-A005,,"If applicants are existing SSO users, log in with their SSO user and password. and If applicants don’t have SSO Id then create one by clicking “Registration”. Applicants can create SSO IDs by using Janaadhar & Google"
S038,S038-A006,,"After completing the SSO profile click on the “SCHOLARSHIP (CE, TAD, MINORITY)” App."
S038,S038-A007,,Select the “STUDENT” button.
S038,S038-A008,,Select Appropriate Scheme and click on the “Next” button
S038,S038-A009,,Fill out all required academic information and click on the “Submit” button
S039,S039-A001,,Online**
S039,S039-A002,,Step 1:** Visit the official website of [https://mahadbt.maharashtra.gov.in](https://mahadbt.maharashtra.gov.in/).
S039,S039-A003,,"Step 2:** Click on ""[New Applicant Registration](https://mahadbt.maharashtra.gov.in/RegistrationLogin/RegistrationLogin)"". Register using your Name, Mobile Number, and Email ID. Create a Username and Password. Your Mobile Number and Email ID will be verified via OTP."
S039,S039-A004,,Step 3:** Now visit to[ Login Page](https://mahadbt.maharashtra.gov.in/Login/Login) and log in using your Username and Password.
S039,S039-A005,,"You will be directed to [Home Page](https://mahadbt.maharashtra.gov.in/Home/Home)﻿[. ](https://mahadbt.maharashtra.gov.in/Home/Home)In the left pane, click ""Aadhaar Bank Link"" to link your Aadhaar with your Bank Account."
S039,S039-A006,,"Step 4:** In the left pane, click ""Profile"". Fill in all the mandatory details and upload the mandatory documents (Personal Details, Address Information, Other Information, Current Course, Past Qualification, and Hostel Details). Click ""Save""."
S039,S039-A007,,"Step 5:** In the left pane, click ""All Schemes"". A list of schemes will appear. Click on ""Savitribai Phule Scholarship""."
S039,S039-A008,,"Step 6:** Fill in all the additional information and upload the mandatory documents. Click ""Submit"" to submit your application. A pop-up will appear, displaying your Application ID. Save the Application ID for future reference. Click ""OK""."
S039,S039-A009,,"Optional:** You can track the status of your application (Under Scrutiny / Approved / Rejected / Fund Disbursed) by clicking on ""My Applied Scheme History"" in the left pane."
S040,S040-A001,,Offline**
S040,S040-A002,,"The institutions are required to send the duly filled and signed application forms, along with the required documents (self-attested) received from the interested students to SFIO. In case any clarifications, the institute/applicant can write an email to [**admn.hq@sfio.nic.in**](mailto\:admn.hq@sfio.nic.in)."
S040,S040-A003,,The institutions must also intimate the convenient time of the year for the students to join the internship program and the permissible duration as per the academic curriculum.
S040,S040-A004,,The final selection will be made by the competent authority based on the applicant's suitability and the availability of positions.
S040,S040-A005,,The application form may be downloaded from the official website i.e [https://cdnbbsr.s3waas.gov.in/s3d51b416788b6ee70eb0c381c06efc9f1/uploads/2025/03/202503122064427326.pdf](https://cdnbbsr.s3waas.gov.in/s3d51b416788b6ee70eb0c381c06efc9f1/uploads/2025/03/202503122064427326.pdf) [﻿](https://sfio.gov.in/en/notice/internship-programme-in-sfio-3/)
S040,S040-A006,,(**Refer page no.8**).
S041,S041-A001,,Online**
S041,S041-A002,,Offline**
S041,S041-A003,,Registration Process:**
S041,S041-A004,,"Step 01:** To avail of the benefits of the scheme, the applicant needs to visit [SUNEETHI- Online Service Application Portal](https://suneethi.sjd.kerala.gov.in/)﻿"
S041,S041-A005,,"Step 02:** On the home page, click on “One time Registration”"
S041,S041-A006,,"Step 03:** Fill in the details like Name, Email ID & Mobile Number and click on ‘Register’."
S041,S041-A007,,Step 04:** The applicant needs to enter the verification code received on the mobile number and click on ‘Verify’.
S041,S041-A008,,"Step 05:** Now, a form will open to create the new profile, fill in all the mandatory details and click on ‘Register’."
S041,S041-A009,,Login/Application Process:**
S041,S041-A010,,"Step 01:** Once the registration process is completed, the applicant should visit [SUNEETHI- Online Service Application Portal](https://suneethi.sjd.kerala.gov.in/) and click on “Citizen Login”."
S041,S041-A011,,Step 02:** Enter the user name i.e. Mobile Number and Password and click on “Sign in”.
S041,S041-A012,,"Step 03:** Now, the applicant needs to update all their details i.e. Personal Information, Contact Details, Identity Cards & Bank Details by clicking on the 'Edit' button."
S041,S041-A013,,"Step 04:** Once the applicant updated their profile successfully, the schemes will appear on the left side of the screen."
S041,S041-A014,,Step 05:** Select the scheme and click on the “Apply Now” button.
S041,S041-A015,,Step 06:** Fill in all the mandatory details in the application form and click on the ‘Submit’ button.
S042,S042-A001,,Online**
S042,S042-A002,,SC/ST/OBC/General girl students should register themselves on the [portal.](http://www.scholarshipportal.mp.nic.in/Index.aspx)﻿
S042,S042-A003,,Click on New Registration for Gaon Ki Beti and fill out the required details.
S042,S042-A004,,Now they can apply for the benefits of the scheme by logging in with the registration ID on the [portal](http://www.scholarshipportal.mp.nic.in/sLogin.aspx).
S043,S043-A001,,Offline**
S043,S043-A002,,1\.	The concerned Head of the school shall provide the enrolment of Girls student in Std. VIII in respective Government Schools to the respective District Education Office.
S043,S043-A003,,Note:**
S043,S043-A004,,The girl student does not required to make any application individually.
S043,S043-A005,,2\.	Bicycles will be provided to the girl student at the time of commencement of the New Academic Year as per the enrollment provided by the Head of the schools.
S043,S043-A006,,Contact for Grievance Redressal:***
S043,S043-A007,,| **Dadra and Nagar HaveliDamanDiu**                                                                    |                                                                                                              |                                                                        |
S043,S043-A008,,| ----------------------------------------------------------------------------------------------------- | ------------------------------------------------------------------------------------------------------------ | ---------------------------------------------------------------------- |
S043,S043-A009,,"| District Education Office , First Floor, Lekha Bhavan, Amli, Silvassa, Pin – 396230, Ph: 0260-2642098 | Education Office (Daman) Shiksha Sadan, Moti Daman, Pin - 396220, Ph: 0260 2231126, Email: diredu-dd @nic.in | Education Department, Collectorate, Diu, Pin: 362520, Ph: 02875-252199 |"
S044,S044-A001,,Online**
S044,S044-A002,,Applicant to log in to [RajSSO](https://sso.rajasthan.gov.in/) Portal using his/her SSOID.
S044,S044-A003,,If SSOID is not available then the applicant to first [register ](https://sso.rajasthan.gov.in/register)on RajSSO Portal to create SSOID and update SSO Profile at first login.
S044,S044-A004,,After successful authentication/login and updation of the SSOID Profile and select the scheme name.
S044,S044-A005,,"Select his/her name, the bank account and fill in personal details."
S044,S044-A006,,Upload the required document.
S044,S044-A007,,Click the “SUBMIT” button.
S045,S045-A001,,Online**
S045,S045-A002,,Registration Process:***
S045,S045-A003,,"Step 01:** Go to the official website of [Mukhyamantri Shiksha Protsahan Yojana](https://mukhyamantri.apphost.in/) and click on ""Registration""."
S045,S045-A004,,"Step 02:** Fill the required details name, mobile number email id and complete the process."
S045,S045-A005,,Step 03:** The student will get an confirmation SMS registered mobile number and an email id.
S045,S045-A006,,Application  Process:***
S045,S045-A007,,Step 01:** Fill the application form and upload the required documents.
S045,S045-A008,,"Step 02:** Click on ""Submit"" to get application Id."
S045,S045-A009,,NOTE:**
S045,S045-A010,,The student must secure at least 75% attendance for the entire duration of the coaching.
S046,S046-A001,,Online**
S046,S046-A002,,Registration Process:***
S046,S046-A003,,Step 1:** Visit the department's [official website](https://bcebconline.bihar.gov.in/cspy/EBCscholarship/Index.aspx) to apply under the scheme.
S046,S046-A004,,"Step 2:** On the homepage, select the scheme and click the ""[New Registration](https://bcebconline.bihar.gov.in/cspy/EBCscholarship/PETC_Terms.aspx)"" button if you are a new applicant."
S046,S046-A005,,"Step 3:** Carefully read the ""Guidelines for Registration"" and click ""Continue."""
S046,S046-A006,,"Step 4:** Fill out the form by entering your details, educational qualifications, and other required information."
S046,S046-A007,,"Step 5:** Upload your photograph, signature, and any necessary documents."
S046,S046-A008,,Step 6:** Ensure all fields marked with an asterisk (\*) are filled in correctly.
S046,S046-A009,,"Step 7:** Once all the required information is entered, click the ""Submit"" button. Upon successful submission, you will receive a registration ID and password."
S046,S046-A010,,Process to apply for scheme:***
S046,S046-A011,,Step 1:** Revisit the department's [official website](https://bcebconline.bihar.gov.in/cspy/EBCscholarship/Index.aspx).
S046,S046-A012,,"Step 2:** Click on the ""[Applicant Login](https://bcebconline.bihar.gov.in/cspy/EBCscholarship/Login.aspx)"" button."
S046,S046-A013,,"Step 3:** Enter your User ID, Password, and the verification code."
S046,S046-A014,,"Step 4:** Click ""Login"" to access your account and fill out the application form."
S046,S046-A015,,Step 5:** Verify your entries before submitting the application. No modifications can be made after the final submission.
S046,S046-A016,,"Step 6:** After verifying your application form, click ""Submit"" to save your application."
S046,S046-A017,,You may print the application form as a draft.
S046,S046-A018,,An application ID will be generated after the final submission.
S046,S046-A019,,Only the final submission will be considered.
S046,S046-A020,,Step 7:**  Print a copy of the finally submitted application form.
S047,S047-A001,,Online**
S047,S047-A002,,Step 01:** The interested student needs to visit the [official website](https://apdascac.ap.gov.in/).
S047,S047-A003,,"Step 02:** Click on the ""Online Applications"" on the home page."
S047,S047-A004,,"Step 03:** Select the category ""click here to apply for differently abled schemes"""
S047,S047-A005,,"Step 04:** Now click on ""Apply Online"" respect to the scheme name."
S047,S047-A006,,Step 05:** And confirm your registration.
S047,S047-A007,,If applicant was not register earlier***
S047,S047-A008,,"Step 06:** Answer the above registration question as ""No""."
S047,S047-A009,,"Step 07:** Fill in your Aadhaar card name, Aadhaar number, Mobile number, email ID."
S047,S047-A010,,Step 08:** Create a new password for this application.
S047,S047-A011,,"Step 09:** Click on ""Register"" After that get the registration number."
S047,S047-A012,,After the registration***
S047,S047-A013,,Step 10:** Click here to Login.
S047,S047-A014,,"Step 11:** Again, ask the same ""Are you registered already: Yes/No Select ""Yes""."
S047,S047-A015,,Step 12:** Enter email/mobile number and password.
S047,S047-A016,,"Step 13:** Click on ""Login"" and select the category again ""click here to apply for differently abled schemes"" ."
S047,S047-A017,,Step 14:** Fill out the application form for personal employment and disability detail.
S047,S047-A018,,"Step 15:** Click on ""Submit""."
S048,S048-A001,,Online**
S048,S048-A002,,Registration***
S048,S048-A003,,Step 1:** Visit the [e-District Portal](https://edistrict.delhigovt.nic.in/) of the Govt. of NCT of Delhi.
S048,S048-A004,,"Step 2:** On the top right corner of the homepage, click “[Login/Register](https://edistrict.delhigovt.nic.in/Account/Login)”, then click “[Register](https://edistrict.delhigovt.nic.in/in/en/Account/Register.html)"". You will be taken to the ""Citizen Registration Form"". Carefully read the “Guidelines for Online Registration” provided at the bottom of the page."
S048,S048-A005,,"Step 3:** In the Citizen Registration Form, select ""Aadhaar Card"" as the Document Type, and provide the Aadhaar Number. Fill in the captcha code and click “Continue”."
S048,S048-A006,,"Step 4:** On the next page, fill in all the mandatory fields. If required, verify your Email ID and Mobile Number via OTP. Enter the Captcha code and click “Continue to Register”. You will receive your Login ID and Password on the Mobile Number/Email Address provided during the registration."
S048,S048-A007,,Application***
S048,S048-A008,,Step 1:** Visit the [e-District Portal](https://edistrict.delhigovt.nic.in/) of the Govt. of NCT of Delhi.
S048,S048-A009,,"Step 2:** On the top right corner of the homepage, click “[Login/Register](https://edistrict.delhigovt.nic.in/Account/Login)”, you will be taken to the “Citizen Login Form”"
S048,S048-A010,,"Step 3:** Provide your Login ID and Password, enter the Captcha code and click “Login”."
S048,S048-A011,,Step 4:** Go to the home page and click “Apply Service”. Navigate to the scheme that you intend to apply for. Click on the name of the scheme. You will be taken to the scheme's online application form.
S048,S048-A012,,"Step 5:** In the application form, fill in all the mandatory fields and upload all the mandatory documents in the specified format and size. Carefully review all the information provided and the documents uploaded. Make any necessary corrections. Acknowledge and agree to the terms and conditions and/or declaration (if any), then click ""Finish”."
S048,S048-A013,,Step 6:** An OTP will be received on the registered mobile number. Provide the OTP and click “Submit”. An acknowledgement of successful submission shall be sent over Email/SMS/Both.
S048,S048-A014,,Track Application Status***
S048,S048-A015,,"Step 1:** Visit the ""[Track Your Application](https://edistrict.delhigovt.nic.in/Public/TrackApplication)"" page."
S048,S048-A016,,"Step 2:** Fill in all the mandatory fields. Enter the Captcha Code, and click ""Submit""."
S048,S048-A017,,Your current application status will be displayed.
S049,S049-A001,,Offline**
S049,S049-A002,,Online**
S049,S049-A003,,"To apply under the scheme, the eligible student has to visit the nearest Bank branch office from where he/she has availed the facility of Education Loan for studying from a recognized institute in India."
S049,S049-A004,,Note:** Nodal Bank shall disburse the subsidy in the Education Loan account of the beneficiaries in DBT mode through PFMS Portal. It is the sole responsibility of the lending bank to claim interest subsidy on behalf of eligible beneficiaries on a yearly basis.
S050,S050-A001,,Online**
S050,S050-A002,,Offline**
S050,S050-A003,,Online - via CSCs**
S050,S050-A004,,"Step 1:** Visit the [Official Website](https://pmfby.gov.in/) of ""Pradhan Mantri Fasal Bima Yojana""."
S050,S050-A005,,"Step 2:** At the top right corner of the homepage, click ""Farmer Corner""."
S050,S050-A006,,"In the popup window, click ""Guest Farmer"". You will be taken to the [Online Registration Form](https://pmfby.gov.in/farmerRegistrationForm)."
S050,S050-A007,,"\*If already registered, skip to Step: 4.*"
S050,S050-A008,,"Step 3:** In the Registration Form, fill in the following mandatory fields (marked with a red asterisk):"
S050,S050-A009,,"""FARMER DETAILS"" Section:*** Full Name, Passbook Name, Relationship, Relative Name, Mobile No., Age, Caste Category, Gender, Farmer Type, Farmer Category,"
S050,S050-A010,,"""RESIDENTIAL DETAILS"" Section:*** State, District, Sub District, Residential Village/ Town, Address, PIN Code"
S050,S050-A011,,"""FARMER ID"" Section: ID Type, ID No,"
S050,S050-A012,,"""ACCOUNT DETAILS"" Section:*** IFSC, Bank Name, Branch Name, Savings Bank A/C No., Confirm Savings Bank A/C No.."
S050,S050-A013,,"At the bottom of the registration form, fill in the Captcha Code and click ""Create User""."
S050,S050-A014,,"Step 4:** Upon successful registration, click ""Farmer Corner (Apply for Crop Insurance Yourself)""."
S050,S050-A015,,"In the popup window, click ""Login for Farmer"". You will be taken to the Login Page."
S050,S050-A016,,https\://pmfby.gov.in/farmerLogin
S050,S050-A017,,"Step 5:** On the Login Page, provide your Mobile Number, fill the Captcha Code, then click ""Request for OTP"". Enter the OTP received on your registered Mobile Number, and click ""Submit"". You will be taken to the ""Farmer Application Form""."
S050,S050-A018,,Step 6:** Fill in all the mandatory fields of the Application Form and upload all the mandatory documents in the specified format and size.
S050,S050-A019,,"Click ""Preview"" to carefully review all the information provided and the uploaded documents. Click ""Submit"" to submit your application. You'll receive a confirmation message."
S050,S050-A020,,"Step 7:** In the popup window, the following options will be displayed: ""Pay Later"" and ""Make Payment"". Select ""Pay Later"" if you intend to pay for the insurance at a later stage. Else, select ""Make Payment""."
S050,S050-A021,,"Step 8:** Upon successful payment, you may print the receipt of the payment."
S050,S050-A022,,Track Your Application***
S050,S050-A023,,You can track the application status on the PMFBY website through the ‘Application Status’ option on the home page.
