scheme_id,rule_id,section,attribute,operator,normalized_value,evidence_text
S001,S001-E001,,occupation_or_beneficiary_type,INFORMATION,"Self Help Groups (SHGs), NGOs registered in the Darpan Portal of NITI Aayog, and Government Organizations can apply through the Regional /Sub Regional Office of the Board for organizing training programs at the field level.","Self Help Groups (SHGs), NGOs registered in the Darpan Portal of NITI Aayog, and Government Organizations can apply through the Regional /Sub Regional Office of the Board for organizing training programs at the field level."
S001,S001-E002,,occupation_or_beneficiary_type,INFORMATION,"The Self-help Groups (SHGs), NGOs, and Government Organizations should have adequate infrastructural facilities such as work sheds, power connections, equipment, and raw materials.","The Self-help Groups (SHGs), NGOs, and Government Organizations should have adequate infrastructural facilities such as work sheds, power connections, equipment, and raw materials."
S002,S002-E001,,age,INFORMATION,"1\.	The applicant should be a resident of Arunachal Pradesh above 18 years of age with principal business units or should have a proposal to set up branches in Arunachal Pradesh or an Arunachali currently working or residing outside the state, but wishes to return back to the state & become an Entrepreneur.","1\.	The applicant should be a resident of Arunachal Pradesh above 18 years of age with principal business units or should have a proposal to set up branches in Arunachal Pradesh or an Arunachali currently working or residing outside the state, but wishes to return back to the state & become an Entrepreneur."
S002,S002-E002,,special_condition,INFORMATION,2\.	The applicant should be promised an idea and plan or prototype/working model.,2\.	The applicant should be promised an idea and plan or prototype/working model.
S002,S002-E003,,occupation_or_beneficiary_type,INFORMATION,3\.	The applicant should be an Entrepreneur with good communication skills.,3\.	The applicant should be an Entrepreneur with good communication skills.
S002,S002-E004,,age,INFORMATION,4\.	The applicant should be an early-stage venture set up on or after 15 August 2015.,4\.	The applicant should be an early-stage venture set up on or after 15 August 2015.
S002,S002-E005,,special_condition,INFORMATION,5\.	The applicant should be MSME-registered enterprises.,5\.	The applicant should be MSME-registered enterprises.
S002,S002-E006,,occupation_or_beneficiary_type,INFORMATION,6\.	The applicant should be an existing entrepreneur in your district.,6\.	The applicant should be an existing entrepreneur in your district.
S002,S002-E007,,education,INFORMATION,7\.	The applicant should be a College graduate.,7\.	The applicant should be a College graduate.
S002,S002-E008,,special_condition,INFORMATION,8\.	The applicant should be Self-employed people in innovative businesses.,8\.	The applicant should be Self-employed people in innovative businesses.
S002,S002-E009,,special_condition,INFORMATION,9\.	The applicant should belong to organized producer groups.,9\.	The applicant should belong to organized producer groups.
S003,S003-E001,,age,INFORMATION,The worker should be engaged in building or construction work.,The worker should be engaged in building or construction work.
S003,S003-E002,,occupation_or_beneficiary_type,INFORMATION,The worker should be registered with the Bihar Building & Other Construction Workers Welfare Board.,The worker should be registered with the Bihar Building & Other Construction Workers Welfare Board.
S003,S003-E003,,occupation_or_beneficiary_type,INFORMATION,The worker's membership with the Welfare Board should be active at the time of application.,The worker's membership with the Welfare Board should be active at the time of application.
S003,S003-E004,,occupation_or_beneficiary_type,INFORMATION,Only registered workers who have completed any skill upgradation training are eligible to avail benefits under the scheme.,Only registered workers who have completed any skill upgradation training are eligible to avail benefits under the scheme.
S004,S004-E001,,education,INFORMATION,1\.  The applicant should have passed Class 8th.,1\.  The applicant should have passed Class 8th.
S004,S004-E002,,age,INFORMATION,2\.  The applicant should be above the age of 18 years.,2\.  The applicant should be above the age of 18 years.
S004,S004-E003,,education,INFORMATION,Note 1:** A class will have a minimum of 10 trainees and a maximum of 30.,Note 1:** A class will have a minimum of 10 trainees and a maximum of 30.
S004,S004-E004,,age,INFORMATION,"Note 2:** In case the number of eligible candidates exceeds the requirement of a batch and there is a requirement of additional batches, the Implementing Agency will concurrently or in phases run more batches depending on its institutional capacity.","Note 2:** In case the number of eligible candidates exceeds the requirement of a batch and there is a requirement of additional batches, the Implementing Agency will concurrently or in phases run more batches depending on its institutional capacity."
S004,S004-E005,,age,INFORMATION,"Note 3:** In case of phasing, the scheduling of candidates between batches will be on first-cum-first-admitted basis. The Implementing Agency will maintain a register of applications which will also indicate the date of receipt of each.","Note 3:** In case of phasing, the scheduling of candidates between batches will be on first-cum-first-admitted basis. The Implementing Agency will maintain a register of applications which will also indicate the date of receipt of each."
S005,S005-E001,,special_condition,INFORMATION,Eligible Entities***,Eligible Entities***
S005,S005-E002,,special_condition,INFORMATION,Units must be registered under the Companies Act or as per MSME definitions.,Units must be registered under the Companies Act or as per MSME definitions.
S005,S005-E003,,residency,INFORMATION,Units must have an acknowledgment of IEM (Industrial Entrepreneur Memorandum) or be registered with the respective State Directorate.,Units must have an acknowledgment of IEM (Industrial Entrepreneur Memorandum) or be registered with the respective State Directorate.
S005,S005-E004,,special_condition,INFORMATION,"Both existing and new units are eligible, subject to overall subsidy caps.","Both existing and new units are eligible, subject to overall subsidy caps."
S005,S005-E005,,prior_benefit,INFORMATION,"If a unit has availed benefits under previous schemes like RRTUFS, only the remaining subsidy amount under ATUFS will be available.","If a unit has availed benefits under previous schemes like RRTUFS, only the remaining subsidy amount under ATUFS will be available."
S005,S005-E006,,special_condition,INFORMATION,﻿,﻿
S005,S005-E007,,special_condition,INFORMATION,Eligible Machinery***,Eligible Machinery***
S005,S005-E008,,age,INFORMATION,Only new benchmarked machinery from notified manufacturers or their authorized agents is eligible.,Only new benchmarked machinery from notified manufacturers or their authorized agents is eligible.
S005,S005-E009,,special_condition,INFORMATION,A list of eligible machines is updated every year on April 1st by the Textile Commissioner.,A list of eligible machines is updated every year on April 1st by the Textile Commissioner.
S005,S005-E010,,special_condition,INFORMATION,Second-hand machinery is not permitted.,Second-hand machinery is not permitted.
S005,S005-E011,,special_condition,INFORMATION,"Accessories, attachments, and sample machines up to 20% of the machine cost are also eligible.","Accessories, attachments, and sample machines up to 20% of the machine cost are also eligible."
S005,S005-E012,,special_condition,INFORMATION,Machines may be eligible for multiple segments unless restricted.,Machines may be eligible for multiple segments unless restricted.
S005,S005-E013,,special_condition,INFORMATION,Other essential machinery may be included later upon recommendation.,Other essential machinery may be included later upon recommendation.
S005,S005-E014,,special_condition,INFORMATION,UIDs (Unique Identification Numbers) are required for all eligible machines.,UIDs (Unique Identification Numbers) are required for all eligible machines.
S005,S005-E015,,age,INFORMATION,Machinery must be purchased directly from authorized manufacturers or agents; certain cases of domestic purchases from authorized stockists may also qualify.,Machinery must be purchased directly from authorized manufacturers or agents; certain cases of domestic purchases from authorized stockists may also qualify.
S005,S005-E016,,special_condition,INFORMATION,The purchase date is determined by the commercial invoice date.,The purchase date is determined by the commercial invoice date.
S005,S005-E017,,special_condition,INFORMATION,Machine Identification Code (MIC) must be visibly inscribed on machines.,Machine Identification Code (MIC) must be visibly inscribed on machines.
S005,S005-E018,,special_condition,INFORMATION,Eligibility for Assistance***,Eligibility for Assistance***
S005,S005-E019,,special_condition,INFORMATION,Units must be registered and must be producing textiles as per the registered product line.,Units must be registered and must be producing textiles as per the registered product line.
S005,S005-E020,,prior_benefit,INFORMATION,Machinery must be verified during Joint Inspection Team (JIT) visits to claim benefits.,Machinery must be verified during Joint Inspection Team (JIT) visits to claim benefits.
S006,S006-E001,,residency,INFORMATION,The applicant should be domiciled in the state of Jharkhand.,The applicant should be domiciled in the state of Jharkhand.
S006,S006-E002,,age,RANGE,18-60 years,The applicant should be in the age group of 18-60 years.
S006,S006-E003,,occupation_or_beneficiary_type,INFORMATION,The applicant should be a registered Construction Worker (Nirmaan Shramik) or a Member of the 'Jharkhand Building and Other Construction Worker Welfare Board (JBOCWW Board)'.,The applicant should be a registered Construction Worker (Nirmaan Shramik) or a Member of the 'Jharkhand Building and Other Construction Worker Welfare Board (JBOCWW Board)'.
S006,S006-E004,,age,INFORMATION,"The applicant should be engaged in construction work such as masons, carpenters, electricians, porters, painters, etc.","The applicant should be engaged in construction work such as masons, carpenters, electricians, porters, painters, etc."
S006,S006-E005,,special_condition,INFORMATION,The applicant should have worked for at least 90 days.,The applicant should have worked for at least 90 days.
S006,S006-E006,,prior_benefit,INFORMATION,The applicant should not already have availed of the benefits of this scheme.,The applicant should not already have availed of the benefits of this scheme.
S007,S007-E001,,residency,INFORMATION,1\. Applicant should be a resident of Rajasthan State.,1\. Applicant should be a resident of Rajasthan State.
S007,S007-E002,,occupation_or_beneficiary_type,INFORMATION,Applicant should be registered as Construction Worker under labor laws.,Applicant should be registered as Construction Worker under labor laws.
S007,S007-E003,,special_condition,INFORMATION,Other Conditions,Other Conditions
S007,S007-E004,,special_condition,INFORMATION,"1\. For getting contract employment abroad, it is necessary to take permission for migration from the office of Protectors of Emigrants (POE) under the Migrant Act, 1983.","1\. For getting contract employment abroad, it is necessary to take permission for migration from the office of Protectors of Emigrants (POE) under the Migrant Act, 1983."
S007,S007-E005,,age,INFORMATION,2\. Registration of the recruiting agency under the Overseas Act or a valid permit from the POE office is necessary.,2\. Registration of the recruiting agency under the Overseas Act or a valid permit from the POE office is necessary.
S007,S007-E006,,special_condition,INFORMATION,3\. Reimbursement of visa amount under the above scheme will be payable on the beneficiary passport having a minimum validity of 6 months including valid visa.,3\. Reimbursement of visa amount under the above scheme will be payable on the beneficiary passport having a minimum validity of 6 months including valid visa.
S007,S007-E007,,prior_benefit,INFORMATION,"4\. Under the scheme, the benefit of assistance amount will be payable to the beneficiary only once.","4\. Under the scheme, the benefit of assistance amount will be payable to the beneficiary only once."
S007,S007-E008,,special_condition,INFORMATION,"5\. During scrutiny of application and documents, if any facts found to be false resulting in the cancellation of eligibility, it will be the responsibility of the concerned beneficiary to deposit all the assistance amount sanctioned under the scheme along with interest.","5\. During scrutiny of application and documents, if any facts found to be false resulting in the cancellation of eligibility, it will be the responsibility of the concerned beneficiary to deposit all the assistance amount sanctioned under the scheme along with interest."
S007,S007-E009,,prior_benefit,INFORMATION,"6\. The benefit of this scheme will be payable only if the beneficiary is employed abroad, is in the building and other construction works.","6\. The benefit of this scheme will be payable only if the beneficiary is employed abroad, is in the building and other construction works."
S008,S008-E001,,residency,INFORMATION,Only the residents/domiciles of the state of Manipur are eligible to apply to this scheme.***,Only the residents/domiciles of the state of Manipur are eligible to apply to this scheme.***
S008,S008-E002,,social_category,INFORMATION,Eligibility: (Category A)***,Eligibility: (Category A)***
S008,S008-E003,,special_condition,INFORMATION,Registered Groups (for all categories mentioned above) should have already made a minimum of 15 remarkable productions in the last 25 years.,Registered Groups (for all categories mentioned above) should have already made a minimum of 15 remarkable productions in the last 25 years.
S008,S008-E004,,residency,INFORMATION,Registered Groups (for all categories mentioned above) should have given a performance/show in at least 3 or 4 National Festivals and participated in 3 or 4 State Level Programme.,Registered Groups (for all categories mentioned above) should have given a performance/show in at least 3 or 4 National Festivals and participated in 3 or 4 State Level Programme.
S008,S008-E005,,prior_benefit,INFORMATION,The applicant group (for all categories mentioned above) should not receive any kind of assistance from any other sources for the same purpose.,The applicant group (for all categories mentioned above) should not receive any kind of assistance from any other sources for the same purpose.
S008,S008-E006,,social_category,INFORMATION,Eligibility: (Category B)***,Eligibility: (Category B)***
S008,S008-E007,,occupation_or_beneficiary_type,INFORMATION,Registered Groups (for all categories mentioned above) should have already made a minimum production of their organization as below:,Registered Groups (for all categories mentioned above) should have already made a minimum production of their organization as below:
S008,S008-E008,,special_condition,INFORMATION,Minimum 5 remarkable productions for the registered group of 3 above 15 years.,Minimum 5 remarkable productions for the registered group of 3 above 15 years.
S008,S008-E009,,special_condition,INFORMATION,Minimum 6-10 remarkable production for the registered group of 15 above 25 years.,Minimum 6-10 remarkable production for the registered group of 15 above 25 years.
S008,S008-E010,,residency,INFORMATION,Registered Groups (for all categories mentioned above) should have given performance/show in at least 3 or 4 State Level or National Level Programme,Registered Groups (for all categories mentioned above) should have given performance/show in at least 3 or 4 State Level or National Level Programme
S008,S008-E011,,prior_benefit,INFORMATION,The applicant group (for all categories mentioned above) should not receive any kind of assistance from any other sources for the same purpose,The applicant group (for all categories mentioned above) should not receive any kind of assistance from any other sources for the same purpose
S008,S008-E012,,age,INFORMATION,"For Visual Art, Research & Book Publication, and Instrument / Costume Making, individual artists/artists/writers/artisans who have enough knowledge in their respective fields will be eligible. Research & Book Publication should be based on Manipuri culture and also the translation of (a) old manuscripts to modern Manipuri language only (b) the books of other languages on art & culture to Manipuri language which may be used as reference.","For Visual Art, Research & Book Publication, and Instrument / Costume Making, individual artists/artists/writers/artisans who have enough knowledge in their respective fields will be eligible. Research & Book Publication should be based on Manipuri culture and also the translation of (a) old manuscripts to modern Manipuri language only (b) the books of other languages on art & culture to Manipuri language which may be used as reference."
S008,S008-E013,,special_condition,INFORMATION,Method of Selection:***,Method of Selection:***
S008,S008-E014,,special_condition,INFORMATION,The selection of artists/groups will be done by a Screening / Selection Committee constituted by the Government.,The selection of artists/groups will be done by a Screening / Selection Committee constituted by the Government.
S009,S009-E001,,residency,INFORMATION,1\.	The applicant should be a permanent resident of Arunachal Pradesh.,1\.	The applicant should be a permanent resident of Arunachal Pradesh.
S009,S009-E002,,education,INFORMATION,2\.	The applicant should have a minimum qualification of class X.,2\.	The applicant should have a minimum qualification of class X.
S010,S010-E001,,residency,INFORMATION,The benefits of this scheme will only be given to the adult of Schedule Caste people of the society of Gujarat State.,The benefits of this scheme will only be given to the adult of Schedule Caste people of the society of Gujarat State.
S010,S010-E002,,income,INFORMATION,Beneficiary will have to provide income proof and caste certificate.,Beneficiary will have to provide income proof and caste certificate.
S010,S010-E003,,gender,INFORMATION,Females and beneficiaries Below Poverty Line will be given beneficiary priority.,Females and beneficiaries Below Poverty Line will be given beneficiary priority.
S011,S011-E001,,special_condition,INFORMATION,The applicant should be one of the following -,The applicant should be one of the following -
S011,S011-E002,,education,INFORMATION,Graduate Engineers,Graduate Engineers
S011,S011-E003,,education,INFORMATION,Diploma Holders (Technicians),Diploma Holders (Technicians)
S011,S011-E004,,special_condition,INFORMATION,10+2 Vocational Passouts,10+2 Vocational Passouts
S012,S012-E001,,special_condition,INFORMATION,The applicant should have a total absence of sight.,The applicant should have a total absence of sight.
S012,S012-E002,,special_condition,INFORMATION,The applicant should have a visual acuity not exceeding 6/60 or 20/200 in the better eye with correcting lenses.,The applicant should have a visual acuity not exceeding 6/60 or 20/200 in the better eye with correcting lenses.
S012,S012-E003,,special_condition,INFORMATION,The applicant should have a limitation of field of vision sub standing an angle of 20 degree.,The applicant should have a limitation of field of vision sub standing an angle of 20 degree.
S012,S012-E004,,age,INFORMATION,The applicant should be above 20 years of age.,The applicant should be above 20 years of age.
S013,S013-E001,,occupation_or_beneficiary_type,INFORMATION,One parent (either father or mother or both) must be registered as a beneficiary/construction worker for at least one year in the board.,One parent (either father or mother or both) must be registered as a beneficiary/construction worker for at least one year in the board.
S013,S013-E002,,gender,INFORMATION,A maximum of two daughters of the beneficiary or the female beneficiary and her one daughter will be given the incentive amount.,A maximum of two daughters of the beneficiary or the female beneficiary and her one daughter will be given the incentive amount.
S013,S013-E003,,gender,INFORMATION,The female beneficiary must be unmarried or the beneficiary's daughter must be at least 18 years old and unmarried.,The female beneficiary must be unmarried or the beneficiary's daughter must be at least 18 years old and unmarried.
S013,S013-E004,,gender,INFORMATION,The daughter of the beneficiary/female beneficiary must have passed at least the 8th standard.,The daughter of the beneficiary/female beneficiary must have passed at least the 8th standard.
S013,S013-E005,,gender,INFORMATION,There should be a savings bank account in the name of the daughter of the beneficiary/female beneficiary.,There should be a savings bank account in the name of the daughter of the beneficiary/female beneficiary.
S013,S013-E006,,special_condition,INFORMATION,"If the beneficiary has his own house, there should be a toilet in the house.","If the beneficiary has his own house, there should be a toilet in the house."
S013,S013-E007,,occupation_or_beneficiary_type,INFORMATION,The beneficiary must have worked as a construction worker for at least 90 days during the year before the application date.,The beneficiary must have worked as a construction worker for at least 90 days during the year before the application date.
S013,S013-E008,,occupation_or_beneficiary_type,INFORMATION,"The incentive amount will be payable only after physical verification of the beneficiary being a construction worker, which can be done by various authorities.","The incentive amount will be payable only after physical verification of the beneficiary being a construction worker, which can be done by various authorities."
S013,S013-E009,,age,INFORMATION,"The incentive amount can be used by the female beneficiary/daughter for further education, vocational training, starting her own business, or for her own marriage, with proper counseling.","The incentive amount can be used by the female beneficiary/daughter for further education, vocational training, starting her own business, or for her own marriage, with proper counseling."
S013,S013-E010,,special_condition,INFORMATION,"The application for the scheme must be submitted in the prescribed form by the beneficiary after completing one year as a registered beneficiary, and the beneficiary's identity card must be valid/active at the time of application.","The application for the scheme must be submitted in the prescribed form by the beneficiary after completing one year as a registered beneficiary, and the beneficiary's identity card must be valid/active at the time of application."
S013,S013-E011,,age,INFORMATION,Girls who have already received assistance under the Board's Marriage Assistance Scheme earlier will not be eligible for assistance under this scheme.,Girls who have already received assistance under the Board's Marriage Assistance Scheme earlier will not be eligible for assistance under this scheme.
S013,S013-E012,,special_condition,INFORMATION,﻿,﻿
S014,S014-E001,,age,RANGE,18-35 years,The applicant should be between 18 and 35 years of age.
S014,S014-E002,,special_condition,INFORMATION,The applicant should be unemployed.,The applicant should be unemployed.
S014,S014-E003,,education,INFORMATION,The applicant should have passed Class 10th (SSLC).,The applicant should have passed Class 10th (SSLC).
S014,S014-E004,,residency,INFORMATION,The applicant should be a native of the Union Territory of Puducherry (or) a continuous resident of the area for the past three years.,The applicant should be a native of the Union Territory of Puducherry (or) a continuous resident of the area for the past three years.
S015,S015-E001,,residency,INFORMATION,The beneficiary should be a resident of the Union territory of Andaman & Nicobar Islands.,The beneficiary should be a resident of the Union territory of Andaman & Nicobar Islands.
S015,S015-E002,,age,INFORMATION,The beneficiary should be engaged in any building & other construction work.,The beneficiary should be engaged in any building & other construction work.
S015,S015-E003,,occupation_or_beneficiary_type,INFORMATION,The beneficiary should be registered under the A&N Islands Building and Other Construction Workers Welfare Board.,The beneficiary should be registered under the A&N Islands Building and Other Construction Workers Welfare Board.
S015,S015-E004,,special_condition,INFORMATION,The beneficiary should have an active membership of the Board.,The beneficiary should have an active membership of the Board.
S015,S015-E005,,occupation_or_beneficiary_type,INFORMATION,"Registered construction workers, either for themselves or for their two children, can avail the benefits under the scheme for the purchase of tool kits.","Registered construction workers, either for themselves or for their two children, can avail the benefits under the scheme for the purchase of tool kits."
S015,S015-E006,,education,INFORMATION,The registered construction workers or their children must possess a successful course/trade completion certificate from the Government Industrial Training Institute or Vocational Training Centre to apply under the scheme.,The registered construction workers or their children must possess a successful course/trade completion certificate from the Government Industrial Training Institute or Vocational Training Centre to apply under the scheme.
S016,S016-E001,,special_condition,INFORMATION,The applicant should be a citizen of India.,The applicant should be a citizen of India.
S016,S016-E002,,occupation_or_beneficiary_type,INFORMATION,The Construction Worker should have been registered for at least six months with the 'Puducherry Building and Other Construction Workers Welfare Board'.,The Construction Worker should have been registered for at least six months with the 'Puducherry Building and Other Construction Workers Welfare Board'.
S016,S016-E003,,special_condition,INFORMATION,The beneficiary should be contributing to the Board's Fund.,The beneficiary should be contributing to the Board's Fund.
S017,S017-E001,,gender,INFORMATION,1\.	The applicant should be Transgender.,1\.	The applicant should be Transgender.
S017,S017-E002,,residency,INFORMATION,2\.	The applicant should be a resident of Kerala.,2\.	The applicant should be a resident of Kerala.
S017,S017-E003,,gender,INFORMATION,3\.	Transgender students pursuing courses in Government / Aided /Un-aided / Self-financing institutions can apply under this scheme.,3\.	Transgender students pursuing courses in Government / Aided /Un-aided / Self-financing institutions can apply under this scheme.
S017,S017-E004,,education,INFORMATION,Note:** During the commencement of each academic year the students have to submit a new application for getting the benefit of this scheme.,Note:** During the commencement of each academic year the students have to submit a new application for getting the benefit of this scheme.
S018,S018-E001,,special_condition,INFORMATION,The applicant should qualify as ANY ONE of the following:,The applicant should qualify as ANY ONE of the following:
S018,S018-E002,,age,RANGE,7-17 years,Boys in the age group of 7 to 17 years.
S018,S018-E003,,special_condition,INFORMATION,Mild Mental Retardedness with an IQ level between 50-70.,Mild Mental Retardedness with an IQ level between 50-70.
S018,S018-E004,,special_condition,INFORMATION,Moderate Mental Retardedness with an IQ level between 35-49.,Moderate Mental Retardedness with an IQ level between 35-49.
S018,S018-E005,,special_condition,INFORMATION,Severe Mental Retardedness with an IQ level between 20-34.,Severe Mental Retardedness with an IQ level between 20-34.
S018,S018-E006,,special_condition,INFORMATION,Profound Mental Retardedness with an IQ level under 20.,Profound Mental Retardedness with an IQ level under 20.
S018,S018-E007,,special_condition,INFORMATION,Unspecified Mental Retardedness with mental efficiency and sub-normality.,Unspecified Mental Retardedness with mental efficiency and sub-normality.
S019,S019-E001,,age,INFORMATION,The worker should be engaged in building or construction work.,The worker should be engaged in building or construction work.
S019,S019-E002,,occupation_or_beneficiary_type,INFORMATION,The worker should be registered with the Bihar Building & Other Construction Workers Welfare Board.,The worker should be registered with the Bihar Building & Other Construction Workers Welfare Board.
S019,S019-E003,,occupation_or_beneficiary_type,INFORMATION,The registered worker should have a minimum of three years of continuous membership.,The registered worker should have a minimum of three years of continuous membership.
S019,S019-E004,,occupation_or_beneficiary_type,INFORMATION,The worker's membership with the Welfare Board should be active at the time of application.,The worker's membership with the Welfare Board should be active at the time of application.
S019,S019-E005,,income,INFORMATION,"The workers who have already received financial assistance for house construction, bicycles, or tools are not eligible for this benefit.","The workers who have already received financial assistance for house construction, bicycles, or tools are not eligible for this benefit."
S019,S019-E006,,occupation_or_beneficiary_type,INFORMATION,The assistance will be provided only once to a worker.,The assistance will be provided only once to a worker.
S020,S020-E001,,occupation_or_beneficiary_type,INFORMATION,The group will consist of at least 4 weavers/entrepreneurs having separate legal entities.,The group will consist of at least 4 weavers/entrepreneurs having separate legal entities.
S020,S020-E002,,special_condition,INFORMATION,At least 24 nos. of shuttleless looms of width up to 230 cms (or) 16 nos. of shuttleless looms of wider width i.e. 230 cms and above must be installed.,At least 24 nos. of shuttleless looms of width up to 230 cms (or) 16 nos. of shuttleless looms of wider width i.e. 230 cms and above must be installed.
S020,S020-E003,,special_condition,INFORMATION,Each beneficiary should have at least 4 looms.,Each beneficiary should have at least 4 looms.
S020,S020-E004,,special_condition,INFORMATION,Only TUFS-compatible machineries are to be installed.,Only TUFS-compatible machineries are to be installed.
S021,S021-E001,,residency,INFORMATION,The applicant should be a Native/Resident of the Union Territory of Puducherry for at least 5 years.,The applicant should be a Native/Resident of the Union Territory of Puducherry for at least 5 years.
S021,S021-E002,,income,<=,"₹ 75,000","The annual income of the applicant should not exceed ₹ 75,000/-."
S021,S021-E003,,special_status,INFORMATION,The applicant should have a disability of 40% or above.,The applicant should have a disability of 40% or above.
S022,S022-E001,,special_condition,INFORMATION,The applicant should be a citizen of India.,The applicant should be a citizen of India.
S022,S022-E002,,residency,INFORMATION,The applicant should be a native of the Union Territory of Puducherry by birth or by continuous residence for not less than five years.,The applicant should be a native of the Union Territory of Puducherry by birth or by continuous residence for not less than five years.
S022,S022-E003,,age,INFORMATION,The applicant should have served for a minimum of three years as a media person in the Print/Electronic Media/News Agency in the Union Territory of Puducherry.,The applicant should have served for a minimum of three years as a media person in the Print/Electronic Media/News Agency in the Union Territory of Puducherry.
S022,S022-E004,,age,INFORMATION,The applicant should be employed as a media person in any Print/Electronic Media/News Agency during the application.,The applicant should be employed as a media person in any Print/Electronic Media/News Agency during the application.
S022,S022-E005,,age,INFORMATION,"The term ""Media person"" includes individuals serving as a full-time Editor / News Editor / Sub Editor / Reporter / Press Photographer / Videographer / Correspondent of Print / Electronic Media / News Agency within the Union Territory of Puducherry.","The term ""Media person"" includes individuals serving as a full-time Editor / News Editor / Sub Editor / Reporter / Press Photographer / Videographer / Correspondent of Print / Electronic Media / News Agency within the Union Territory of Puducherry."
S023,S023-E001,,prior_benefit,INFORMATION,There are no eligibility requirements to avail the benefits of this scheme.,There are no eligibility requirements to avail the benefits of this scheme.
S024,S024-E001,,special_condition,INFORMATION,For Registration***,For Registration***
S024,S024-E002,,residency,INFORMATION,The applicant should be a resident of Delhi.,The applicant should be a resident of Delhi.
S024,S024-E003,,occupation_or_beneficiary_type,INFORMATION,The applicant should be a Building/Construction Worker.,The applicant should be a Building/Construction Worker.
S024,S024-E004,,special_condition,INFORMATION,The applicant should be between 18 and 60 years.,The applicant should be between 18 and 60 years.
S024,S024-E005,,special_condition,INFORMATION,The applicant should have served the Board for at least 90 days in a given year.,The applicant should have served the Board for at least 90 days in a given year.
S024,S024-E006,,special_condition,INFORMATION,For Application***,For Application***
S024,S024-E007,,age,INFORMATION,The applicant should be above 5 years of age.,The applicant should be above 5 years of age.
S025,S025-E001,,residency,INFORMATION,The beneficiary should be a resident of the block where they apply.,The beneficiary should be a resident of the block where they apply.
S025,S025-E002,,age,INFORMATION,The age of the beneficiary should not be less than 18 years.,The age of the beneficiary should not be less than 18 years.
S025,S025-E003,,special_condition,INFORMATION,The beneficiary must have a driving license.,The beneficiary must have a driving license.
S025,S025-E004,,special_condition,INFORMATION,The beneficiary should not be working/employed in government service.,The beneficiary should not be working/employed in government service.
S025,S025-E005,,special_condition,INFORMATION,"The beneficiary should belong to the specified categories SC, ST, EBC, BC, Minority, and General.","The beneficiary should belong to the specified categories SC, ST, EBC, BC, Minority, and General."
S025,S025-E006,,special_condition,INFORMATION,﻿,﻿
S026,S026-E001,,residency,INFORMATION,The beneficiary should be a resident of Tamil Nadu.,The beneficiary should be a resident of Tamil Nadu.
S026,S026-E002,,special_condition,INFORMATION,The beneficiary should be a Small Road Transport Operator.,The beneficiary should be a Small Road Transport Operator.
S027,S027-E001,,special_condition,INFORMATION,"Eligible Local statutory bodies, Apex Cooperative Societies, and National level Apex Societies (registered under the Society Act/Trust Act, etc.) ","Eligible Local statutory bodies, Apex Cooperative Societies, and National level Apex Societies (registered under the Society Act/Trust Act, etc.) "
S027,S027-E002,,special_condition,INFORMATION,Producer Company supported by O/O DC Handicrafts.,Producer Company supported by O/O DC Handicrafts.
S027,S027-E003,,age,INFORMATION,"Only implementing agencies with a minimum audited annual turnover of Rs. 1.5 Cr in the last three consecutive years will be eligible for implementation of infrastructure projects. However, this provision shall not be applied in the case of Central/State or state government agencies as an Implementing Agency (IA).","Only implementing agencies with a minimum audited annual turnover of Rs. 1.5 Cr in the last three consecutive years will be eligible for implementation of infrastructure projects. However, this provision shall not be applied in the case of Central/State or state government agencies as an Implementing Agency (IA)."
S028,S028-E001,,residency,INFORMATION,Residential consumers and Group Housing Society can apply for the installation of a solar rooftop system.,Residential consumers and Group Housing Society can apply for the installation of a solar rooftop system.
S028,S028-E002,,special_condition,INFORMATION,"If you have electricity connection in your name and you pay regularly the electricity bill in your own name and also you have the permission of use the roof for solar rooftop installation from the owner, you can install the RTS.","If you have electricity connection in your name and you pay regularly the electricity bill in your own name and also you have the permission of use the roof for solar rooftop installation from the owner, you can install the RTS."
S029,S029-E001,,residency,INFORMATION,The applicant should be a Native/Resident of the Union Territory of Puducherry for at least 5 years.,The applicant should be a Native/Resident of the Union Territory of Puducherry for at least 5 years.
S029,S029-E002,,income,<=,"₹ 75,000","The annual income of the applicant should not exceed ₹ 75,000/-."
S029,S029-E003,,special_status,INFORMATION,The applicant should have a disability of 40% or above.,The applicant should have a disability of 40% or above.
S029,S029-E004,,special_condition,INFORMATION,The applicant should not have performed the tour for the past ten years.,The applicant should not have performed the tour for the past ten years.
S029,S029-E005,,special_condition,INFORMATION,The applicant should not be affected by any contagious diseases.,The applicant should not be affected by any contagious diseases.
S029,S029-E006,,special_condition,INFORMATION,The applicants may apply to this scheme only after the issue of notification in the local newspapers.,The applicants may apply to this scheme only after the issue of notification in the local newspapers.
S029,S029-E007,,age,RANGE,18-50 years,The age of the applicant should be between 18 and 50 years.
S029,S029-E008,,special_condition,INFORMATION,The applicant should not be a Government Servant.,The applicant should not be a Government Servant.
S029,S029-E009,,special_condition,INFORMATION,The parents of the applicant should not be a Government servant.,The parents of the applicant should not be a Government servant.
S029,S029-E010,,special_condition,INFORMATION,The applicant should have registered his/her name in the Anganwadi Centre.,The applicant should have registered his/her name in the Anganwadi Centre.
S030,S030-E001,,special_status,INFORMATION,"Any Orthopedic Physically handicapped person having a permanent disability of 40% & above can apply for the benefit under the scheme, irrespective of whether the applicant drives the vehicle himself or otherwise.","Any Orthopedic Physically handicapped person having a permanent disability of 40% & above can apply for the benefit under the scheme, irrespective of whether the applicant drives the vehicle himself or otherwise."
S030,S030-E002,,special_condition,INFORMATION,"Cars (automatic or manual) having a length less than or equal to 4m and engine capacity of not more than 1200 cc (petrol, Liquefied Petroleum Gases (LPG) or compressed natural gas (CNG) or 1500 cc (diesel) qualify for purchase under this scheme.","Cars (automatic or manual) having a length less than or equal to 4m and engine capacity of not more than 1200 cc (petrol, Liquefied Petroleum Gases (LPG) or compressed natural gas (CNG) or 1500 cc (diesel) qualify for purchase under this scheme."
S030,S030-E003,,special_condition,INFORMATION,The said Certificate for availing the GST concession would be valid for a period of three months from the date of issue of the certificate and the vehicle would have to be purchased by the applicant within this three-month period to avail the concession.,The said Certificate for availing the GST concession would be valid for a period of three months from the date of issue of the certificate and the vehicle would have to be purchased by the applicant within this three-month period to avail the concession.
S031,S031-E001,,education,INFORMATION,"All the educational institutes in Goa, affiliated with a recognized public university are eligible to apply for this scheme.","All the educational institutes in Goa, affiliated with a recognized public university are eligible to apply for this scheme."
S032,S032-E001,,gender,INFORMATION,The applicant should be a Private Sector/Fishermen/Fisherwomen Cooperative Societies/Fishermen /Entrepreneurs.,The applicant should be a Private Sector/Fishermen/Fisherwomen Cooperative Societies/Fishermen /Entrepreneurs.
S032,S032-E002,,special_condition,INFORMATION,The applicant should be between 18 to 50 years old.,The applicant should be between 18 to 50 years old.
S032,S032-E003,,asset_or_financial_condition,INFORMATION,The applicant should not have availed any benefit of loan/subsidy from any other source for the intended purpose.,The applicant should not have availed any benefit of loan/subsidy from any other source for the intended purpose.
S033,S033-E001,,special_condition,INFORMATION,The Applicant should be a Differently abled person.,The Applicant should be a Differently abled person.
S034,S034-E001,,gender,INFORMATION,"1\. Any single girl child of her parents pursuing a Ph.D. in Social Sciences in Universities/Colleges/ Institutes is eligible to apply under the scheme. In a family, if one son and one daughter are available then the girl child will not be considered for fellowship under the scheme.","1\. Any single girl child of her parents pursuing a Ph.D. in Social Sciences in Universities/Colleges/ Institutes is eligible to apply under the scheme. In a family, if one son and one daughter are available then the girl child will not be considered for fellowship under the scheme."
S034,S034-E002,,gender,INFORMATION,"2\. The scheme is applicable to such a single girl child who has registered herself in regular, full-time Ph. D. program in Social Sciences in Indian Universities/Colleges/Institutes as indicated below:","2\. The scheme is applicable to such a single girl child who has registered herself in regular, full-time Ph. D. program in Social Sciences in Indian Universities/Colleges/Institutes as indicated below:"
S034,S034-E003,,education,INFORMATION,"Universities/Colleges/Institutes included under section 2(f) and 12(b) of UGC Act, 1956.","Universities/Colleges/Institutes included under section 2(f) and 12(b) of UGC Act, 1956."
S034,S034-E004,,special_condition,INFORMATION,Deemed to be Universities under section 3 of the UGC Act 1956 which are eligible to receive grants in aid from UGC.,Deemed to be Universities under section 3 of the UGC Act 1956 which are eligible to receive grants in aid from UGC.
S034,S034-E005,,residency,INFORMATION,Universities/Colleges/Institutes funded by Central/ State Govt.,Universities/Colleges/Institutes funded by Central/ State Govt.
S034,S034-E006,,special_condition,INFORMATION,Institutes of National Importance.,Institutes of National Importance.
S034,S034-E007,,education,INFORMATION,3\. Admission to Ph.D. Course in Distance education mode is not covered under the scheme.,3\. Admission to Ph.D. Course in Distance education mode is not covered under the scheme.
S034,S034-E008,,age,INFORMATION,4\. Girl students up to the age of 40 years for the general category and 45 years for the reserved categories i.e. SC/ST/OBC and PWD (Persons with Disabilities) as on the last date of submission of online application are eligible.,4\. Girl students up to the age of 40 years for the general category and 45 years for the reserved categories i.e. SC/ST/OBC and PWD (Persons with Disabilities) as on the last date of submission of online application are eligible.
S034,S034-E009,,gender,INFORMATION,5\. Transgender candidates are eligible to apply under the scheme as per the norms.,5\. Transgender candidates are eligible to apply under the scheme as per the norms.
S035,S035-E001,,gender,INFORMATION,1\.	Applicant should be Transgender.,1\.	Applicant should be Transgender.
S035,S035-E002,,residency,INFORMATION,2\.	Applicant should be a resident of Kerala.,2\.	Applicant should be a resident of Kerala.
S035,S035-E003,,residency,INFORMATION,3\.	Applicant should be a student and studying in State Government/ Government aided/ Self Financing schools/colleges.,3\.	Applicant should be a student and studying in State Government/ Government aided/ Self Financing schools/colleges.
S035,S035-E004,,education,INFORMATION,4\.	The applicant should be studying in 7th Class to Diploma/Degree/PG Level.,4\.	The applicant should be studying in 7th Class to Diploma/Degree/PG Level.
S035,S035-E005,,income,NO_LIMIT,No income limit,5\.	There is no income limit.
S036,S036-E001,,special_condition,INFORMATION,The applicant must be a citizen of India.,The applicant must be a citizen of India.
S036,S036-E002,,social_category,INFORMATION,The applicant must belong to Scheduled Castes / Scheduled Tribes communities as defined by the Government of India.,The applicant must belong to Scheduled Castes / Scheduled Tribes communities as defined by the Government of India.
S036,S036-E003,,education,INFORMATION,Only those students who have been admitted in Agricultural Universities in any of the undergraduate degree programmes of Agriculture & Allied Sciences will be eligible for this scholarship.,Only those students who have been admitted in Agricultural Universities in any of the undergraduate degree programmes of Agriculture & Allied Sciences will be eligible for this scholarship.
S036,S036-E004,,special_condition,INFORMATION,General Condition:***,General Condition:***
S036,S036-E005,,age,INFORMATION,(a) The student who accepts this scholarship will not be permitted to avail any other scholarship / concession provided by any other agencies nor permitted to accept any part-time employment.,(a) The student who accepts this scholarship will not be permitted to avail any other scholarship / concession provided by any other agencies nor permitted to accept any part-time employment.
S036,S036-E006,,prior_benefit,INFORMATION,(b) Termination of Scholarship: The scholarship will be terminated without notice,(b) Termination of Scholarship: The scholarship will be terminated without notice
S036,S036-E007,,occupation_or_beneficiary_type,INFORMATION,(i) from the date the scholar debases to be on the roll of the institution or on the date of expiry of the sanction of the scholarship which ever is earlier. The scholarship can also be terminated without notice at any time if in the opinion of the institution and the Council the scholar is found to be negligent in his/her studies or is guilty of misconduct;,(i) from the date the scholar debases to be on the roll of the institution or on the date of expiry of the sanction of the scholarship which ever is earlier. The scholarship can also be terminated without notice at any time if in the opinion of the institution and the Council the scholar is found to be negligent in his/her studies or is guilty of misconduct;
S036,S036-E008,,occupation_or_beneficiary_type,INFORMATION,(ii) if the scholar is dropped by the institution due to peer performance.,(ii) if the scholar is dropped by the institution due to peer performance.
S037,S037-E001,,residency,INFORMATION,The candidate and the candidate's mother/father or guardian should be citizens of India and residents of the state of Maharashtra.,The candidate and the candidate's mother/father or guardian should be citizens of India and residents of the state of Maharashtra.
S037,S037-E002,,social_category,INFORMATION,This scheme is applicable to the students from the open/unreserved category.,This scheme is applicable to the students from the open/unreserved category.
S037,S037-E003,,social_category,INFORMATION,Students from the reserved category who wish to apply from the open category are eligible to apply for the scholarships.,Students from the reserved category who wish to apply from the open category are eligible to apply for the scholarships.
S037,S037-E004,,education,INFORMATION,"For PG, Diploma after Graduation and Ph.D courses from a foreign educational institution, THE (Times Higher Education) / or QS (Quacquarelli Symonds) Ranking must be within 200.","For PG, Diploma after Graduation and Ph.D courses from a foreign educational institution, THE (Times Higher Education) / or QS (Quacquarelli Symonds) Ranking must be within 200."
S037,S037-E005,,education,INFORMATION,Unconditional Offer Letter from the educational institution of abroad.,Unconditional Offer Letter from the educational institution of abroad.
S037,S037-E006,,income,<=,"₹ 8,00,000","Annual family income should be less than ₹ 8,00,000/-."
S037,S037-E007,,education,INFORMATION,The following seats are available for the said scholarship branch / course-wise:,The following seats are available for the said scholarship branch / course-wise:
S037,S037-E008,,special_condition,INFORMATION,02,02
S037,S037-E009,,education,INFORMATION,| **Sl. No.Branch/CoursePost Graduate Degree and Post Graduate DiplomaDoctorateTotal** |            |    |    |    |,| **Sl. No.Branch/CoursePost Graduate Degree and Post Graduate DiplomaDoctorateTotal** |            |    |    |    |
S037,S037-E010,,special_condition,INFORMATION,| ------------------------------------------------------------------------------------ | ---------- | -- | -- | -- |,| ------------------------------------------------------------------------------------ | ---------- | -- | -- | -- |
S037,S037-E011,,special_condition,INFORMATION,| 1                                                                                    | Art        | 01 | 01 | 02 |,| 1                                                                                    | Art        | 01 | 01 | 02 |
S037,S037-E012,,special_condition,INFORMATION,| 2                                                                                    | Commerce   | 01 | 01 | 02 |,| 2                                                                                    | Commerce   | 01 | 01 | 02 |
S037,S037-E013,,special_condition,INFORMATION,| 3                                                                                    | Science    | 01 | 01 | 02 |,| 3                                                                                    | Science    | 01 | 01 | 02 |
S037,S037-E014,,age,INFORMATION,| 4                                                                                    | Management | 01 | 01 | 02 |,| 4                                                                                    | Management | 01 | 01 | 02 |
S037,S037-E015,,education,INFORMATION,| 5                                                                                    | Law Course | 01 | 01 |    |,| 5                                                                                    | Law Course | 01 | 01 |    |
S037,S037-E016,,special_condition,INFORMATION,| 6Engineering/ Architecture Science040408 |              |    |    |    |,| 6Engineering/ Architecture Science040408 |              |    |    |    |
S037,S037-E017,,special_condition,INFORMATION,| ---------------------------------------- | ------------ | -- | -- | -- |,| ---------------------------------------- | ------------ | -- | -- | -- |
S037,S037-E018,,special_condition,INFORMATION,| 7                                        | Pharmacology | 01 | 01 | 02 |,| 7                                        | Pharmacology | 01 | 01 | 02 |
S037,S037-E019,,special_condition,INFORMATION,| ﻿<br>                                    | Total        | 10 | 10 | 20 |,| ﻿<br>                                    | Total        | 10 | 10 | 20 |
S038,S038-E001,,gender,INFORMATION,The girl student should belong to the Saharia tribe of the Baran district of Rajasthan.,The girl student should belong to the Saharia tribe of the Baran district of Rajasthan.
S038,S038-E002,,gender,INFORMATION,The girl child should be studying regularly in a government school.,The girl child should be studying regularly in a government school.
S038,S038-E003,,income,INFORMATION,The mother/father/guardian/guardian of the student should not be an income taxpayer.,The mother/father/guardian/guardian of the student should not be an income taxpayer.
S038,S038-E004,,gender,INFORMATION,"The girl students, who are studying in residential schools/ashram hostels run by the government, they will not be entitled.","The girl students, who are studying in residential schools/ashram hostels run by the government, they will not be entitled."
S038,S038-E005,,special_condition,INFORMATION,Vaidya Bhamashah card and Aadhaar should be there.,Vaidya Bhamashah card and Aadhaar should be there.
S038,S038-E006,,residency,INFORMATION,Students should be a native of Rajasthan.,Students should be a native of Rajasthan.
S039,S039-E001,Eligibility,gender,==,female,"Girl Student should belong to V.J.N.T. or S.B.C category."
S039,S039-E002,Eligibility,social_category,IN,"VJNT,SBC","Girl Student should belong to V.J.N.T. or S.B.C category."
S039,S039-E003,Eligibility,school_class,RANGE,8-10,"Girl Student should be studying in 8th to 10th Standard."
S039,S039-E004,Eligibility,state,==,Maharashtra,"Girl Student should be studying in 8th to 10th Standard."
S039,S039-E005,Eligibility,income_limit,NO_LIMIT,No income limit,"No income limit and there will be no limit of marks."
S039,S039-E006,Eligibility,marks_requirement,NO_LIMIT,No marks limit,"No income limit and there will be no limit of marks."
S040,S040-E001,,special_condition,INFORMATION,1\.   The applicant should be an Indian National.,1\.   The applicant should be an Indian National.
S040,S040-E002,,special_condition,INFORMATION,2\.   The applicant should be any one of the following -:,2\.   The applicant should be any one of the following -:
S040,S040-E003,,education,INFORMATION,"Students in Post Graduate Courses — MBA (Finance), Law Students in 4th/5th Year of a five-year stream with consistent and excellent academic records/fresh graduates with excellent academic records possessing a first-class graduation degree;","Students in Post Graduate Courses — MBA (Finance), Law Students in 4th/5th Year of a five-year stream with consistent and excellent academic records/fresh graduates with excellent academic records possessing a first-class graduation degree;"
S040,S040-E004,,age,INFORMATION,Students pursuing post-graduation with a high second-class graduation degree (with at least 55% marks/students pursuing Masters/Research Courses in Economics/Finance/Management/Law at the National School of Economics/Law / Computer Forensics from recognized universities in India and Abroad.,Students pursuing post-graduation with a high second-class graduation degree (with at least 55% marks/students pursuing Masters/Research Courses in Economics/Finance/Management/Law at the National School of Economics/Law / Computer Forensics from recognized universities in India and Abroad.
S040,S040-E005,,age,INFORMATION,"Students pursuing final year or the equivalent of ICAI, ICAI(CMA), ICSI/Central Universities/AICTE recognized financial/Economic Institutions/recognized National Management Institutes/Foreign Universities and Institutions of Excellence.","Students pursuing final year or the equivalent of ICAI, ICAI(CMA), ICSI/Central Universities/AICTE recognized financial/Economic Institutions/recognized National Management Institutes/Foreign Universities and Institutions of Excellence."
S040,S040-E006,,education,INFORMATION,"3\.  In the case of Graduate Applicants, the applicant should have secured First Class Degree in Graduation.","3\.  In the case of Graduate Applicants, the applicant should have secured First Class Degree in Graduation."
S041,S041-E001,,gender,INFORMATION,The applicant should be Transgender.,The applicant should be Transgender.
S041,S041-E002,,residency,INFORMATION,The applicant should be a resident of Kerala.,The applicant should be a resident of Kerala.
S041,S041-E003,,gender,INFORMATION,"Transgender students who have secured admission in merit seats in Government, Aided/Self-financing colleges are eligible under this scheme.","Transgender students who have secured admission in merit seats in Government, Aided/Self-financing colleges are eligible under this scheme."
S041,S041-E004,,gender,INFORMATION,"Transgender students who secure admission for courses MBBS, Bachelor of Veterinary Science (BVSc), and BSc Agriculture in Government colleges are eligible.","Transgender students who secure admission for courses MBBS, Bachelor of Veterinary Science (BVSc), and BSc Agriculture in Government colleges are eligible."
S041,S041-E005,,gender,INFORMATION,Transgender students pursuing Diploma level government-accredited courses are also eligible.,Transgender students pursuing Diploma level government-accredited courses are also eligible.
S041,S041-E006,,gender,INFORMATION,Transgender students who have completed 18 years must submit a copy of their Transgender ID card.,Transgender students who have completed 18 years must submit a copy of their Transgender ID card.
S041,S041-E007,,gender,INFORMATION,Those Transgender students who are below 18 years must submit a self-declaration statement duly certified by the Head of Institution/Parent.,Those Transgender students who are below 18 years must submit a self-declaration statement duly certified by the Head of Institution/Parent.
S042,S042-E001,,education,INFORMATION,The student must have secured 60% or more marks in the 12th standard.,The student must have secured 60% or more marks in the 12th standard.
S042,S042-E002,,age,INFORMATION,"The girl must reside in a rural area and possess a ""Gaon Ki Beti"" (Daughter of the Village) certificate.","The girl must reside in a rural area and possess a ""Gaon Ki Beti"" (Daughter of the Village) certificate."
S042,S042-E003,,education,INFORMATION,She must be enrolled in a recognized institution for higher education.,She must be enrolled in a recognized institution for higher education.
S043,S043-E001,,gender,INFORMATION,The applicant should be a girl.,The applicant should be a girl.
S043,S043-E002,,education,INFORMATION,The applicant should be a student.,The applicant should be a student.
S043,S043-E003,,education,INFORMATION,The applicant should be studying in class VIII(8) in Government School of the UT of Dadra & Nagar Haveli and Daman & Diu.,The applicant should be studying in class VIII(8) in Government School of the UT of Dadra & Nagar Haveli and Daman & Diu.
S044,S044-E001,,gender,INFORMATION,The girl student should belong to the tribal class of Rajasthan.,The girl student should belong to the tribal class of Rajasthan.
S044,S044-E002,,gender,INFORMATION,The girl student should be regularly studying general education in a private/government college.,The girl student should be regularly studying general education in a private/government college.
S044,S044-E003,,income,INFORMATION,The parent/guardian/guardian/husband of the student should not be an income taxpayer.,The parent/guardian/guardian/husband of the student should not be an income taxpayer.
S044,S044-E004,,education,INFORMATION,"After passing the board examination, there should not be any gap in the continuous study of the student applying for the scheme.","After passing the board examination, there should not be any gap in the continuous study of the student applying for the scheme."
S044,S044-E005,,education,INFORMATION,The student who is studying by living in a hostel run by the government. They will not be entitled to benefit under the said scheme.,The student who is studying by living in a hostel run by the government. They will not be entitled to benefit under the said scheme.
S044,S044-E006,,special_condition,INFORMATION,Must have Vaidya Bhamashah card and Aadhaar card.,Must have Vaidya Bhamashah card and Aadhaar card.
S044,S044-E007,,gender,INFORMATION,The girl student should be a native of Rajasthan.,The girl student should be a native of Rajasthan.
S045,S045-E001,,residency,INFORMATION,The applicant should be a resident of Jharkhand state.,The applicant should be a resident of Jharkhand state.
S045,S045-E002,,residency,INFORMATION,The student should have passed class 10th from any recognized school in the state of Jharkhand **or** the student should possess a local residence certificate of Jharkhand.,The student should have passed class 10th from any recognized school in the state of Jharkhand **or** the student should possess a local residence certificate of Jharkhand.
S045,S045-E003,,education,INFORMATION,"The student must meet the exam's eligibility criteria for coaching under this scheme. For exams requiring Class 12th qualification, Class 11th students at the time of application are also eligible.","The student must meet the exam's eligibility criteria for coaching under this scheme. For exams requiring Class 12th qualification, Class 11th students at the time of application are also eligible."
S045,S045-E004,,residency,<=,"₹8,00,000","The student's annual family income should be less than ₹8,00,000/- **or** the student should be covered under the National/State Food Security Scheme."
S045,S045-E005,,prior_benefit,INFORMATION,An applicant who has already received similar benefits from another department is not eligible for dual benefits.,An applicant who has already received similar benefits from another department is not eligible for dual benefits.
S045,S045-E006,,education,INFORMATION,The student can avail the benefit only once under this scheme.,The student can avail the benefit only once under this scheme.
S045,S045-E007,,special_condition,INFORMATION,﻿,﻿
S046,S046-E001,,residency,INFORMATION,The applicant should be a permanent resident of Bihar.,The applicant should be a permanent resident of Bihar.
S046,S046-E002,,social_category,INFORMATION,The applicant should belong to the Scheduled Caste or Scheduled Tribe category.,The applicant should belong to the Scheduled Caste or Scheduled Tribe category.
S046,S046-E003,,special_condition,INFORMATION,"The applicant should have passed the preliminary examination of the Civil Services Competitive Examination conducted by either the Bihar Public Service Commission, Patna, or the Union Public Service Commission, New Delhi.","The applicant should have passed the preliminary examination of the Civil Services Competitive Examination conducted by either the Bihar Public Service Commission, Patna, or the Union Public Service Commission, New Delhi."
S046,S046-E004,,prior_benefit,INFORMATION,The benefit of this scheme is available to each candidate only once.,The benefit of this scheme is available to each candidate only once.
S046,S046-E005,,prior_benefit,INFORMATION,The applicant should not have received the same incentive from any other sources previously.,The applicant should not have received the same incentive from any other sources previously.
S047,S047-E001,,residency,INFORMATION,The student should be a native of Andhra Pradesh.,The student should be a native of Andhra Pradesh.
S047,S047-E002,,education,INFORMATION,"The student should be visually challenged, hearing challenged, speech impaired, and orthopedically challenged.","The student should be visually challenged, hearing challenged, speech impaired, and orthopedically challenged."
S047,S047-E003,,education,INFORMATION,The student should be pursuing postgraduate or professional courses.,The student should be pursuing postgraduate or professional courses.
S047,S047-E004,,education,INFORMATION,The laptop is sanctioned once in the lifetime of the student.,The laptop is sanctioned once in the lifetime of the student.
S048,S048-E001,,education,INFORMATION,The applicant should be a Student.,The applicant should be a Student.
S048,S048-E002,,social_category,INFORMATION,The applicant should be from a Scheduled Caste.,The applicant should be from a Scheduled Caste.
S048,S048-E003,,income,<=,"₹2,50,000","The annual income of the family of the applicant should not exceed ₹2,50,000/-."
S048,S048-E004,,education,INFORMATION,The applicant should be enrolled in a recognized post-matriculation/post-secondary course in India.,The applicant should be enrolled in a recognized post-matriculation/post-secondary course in India.
S048,S048-E005,,education,INFORMATION,The applicant should not be availing of any other scholarship for the same course from any other source.,The applicant should not be availing of any other scholarship for the same course from any other source.
S049,S049-E001,,education,INFORMATION,Education Loans taken under the IBA Model Education Loan Scheme.,Education Loans taken under the IBA Model Education Loan Scheme.
S049,S049-E002,,income,<=,₹4,The benefit of the Scheme is applicable to students belonging to economically weaker sections having gross parental/ family income up to ₹4.5 lakhs per annum from all sources.
S049,S049-E003,,education,INFORMATION,"Students enrolled in professional/technical courses only from NAAC accredited Institutions or professional/technical programmes accredited by NBA or Institutions of National Importance or Central Funded Technical Institutions (CFTIs). Those Professional Institutions/programmes, which do not come under the ambit of NAAC or NBA, would require approval of the respective regulatory body.","Students enrolled in professional/technical courses only from NAAC accredited Institutions or professional/technical programmes accredited by NBA or Institutions of National Importance or Central Funded Technical Institutions (CFTIs). Those Professional Institutions/programmes, which do not come under the ambit of NAAC or NBA, would require approval of the respective regulatory body."
S049,S049-E004,,education,INFORMATION,Admissible only once either for Undergraduate or Post Graduate degree courses. This is also admissible for Integrated Courses (Graduate + Post Graduate).,Admissible only once either for Undergraduate or Post Graduate degree courses. This is also admissible for Integrated Courses (Graduate + Post Graduate).
S049,S049-E005,,residency,INFORMATION,Students availing any other Central /State Government Scholarship or Fee reimbursement shall not be eligible for availing benefits under the CSIS Scheme.,Students availing any other Central /State Government Scholarship or Fee reimbursement shall not be eligible for availing benefits under the CSIS Scheme.
S049,S049-E006,,education,INFORMATION,"Interest Subsidy under this Scheme shall not be available to those students who discontinue their course midstream, or who are expelled from the Institution on disciplinary or academic grounds. However, the interest subsidy would be available only if discontinuation is due to medical grounds for which necessary documentation to the satisfaction of the Head of an educational institution needs to be provided.","Interest Subsidy under this Scheme shall not be available to those students who discontinue their course midstream, or who are expelled from the Institution on disciplinary or academic grounds. However, the interest subsidy would be available only if discontinuation is due to medical grounds for which necessary documentation to the satisfaction of the Head of an educational institution needs to be provided."
S050,S050-E001,,occupation_or_beneficiary_type,INFORMATION,"All farmers, including tenant farmers and sharecroppers growing notified crops in notified areas.","All farmers, including tenant farmers and sharecroppers growing notified crops in notified areas."
S050,S050-E002,,occupation_or_beneficiary_type,INFORMATION,Farmers must have an insurable interest in the insured crops.,Farmers must have an insurable interest in the insured crops.
S050,S050-E003,,occupation_or_beneficiary_type,INFORMATION,Farmers must possess a valid and authenticated land ownership certificate or a valid land tenure agreement.,Farmers must possess a valid and authenticated land ownership certificate or a valid land tenure agreement.
S050,S050-E004,,occupation_or_beneficiary_type,INFORMATION,The farmer must be a cultivator or sharecropper on the insured land.,The farmer must be a cultivator or sharecropper on the insured land.
S050,S050-E005,,age,INFORMATION,"The farmer must apply for insurance coverage within the prescribed time frame, usually within 2 weeks of the start of the sowing season.","The farmer must apply for insurance coverage within the prescribed time frame, usually within 2 weeks of the start of the sowing season."
S050,S050-E006,,occupation_or_beneficiary_type,INFORMATION,Farmers must not have received compensation for the same crop loss from any other medium or source.,Farmers must not have received compensation for the same crop loss from any other medium or source.
